generator,gen_capacity,var_cost,type
GAS-CCGT-EXISTING-1,140,3000,gas_ccgt
GAS-CCGT-EXISTING-2,140,3000,gas_ccgt
GAS-CCGT-EXISTING-3,160,3000,gas_ccgt
GAS-CCGT-EXISTING-4,40,3000,gas_ccgt
GAS-CCGT-EXISTING-5,40,3000,gas_ccgt
GAS-CCGT-EXISTING-6,40,3000,gas_ccgt
GAS-CCGT-EXISTING-7,110,3000,gas_ccgt
GAS-CCGT-EXISTING-8,110,3000,gas_ccgt
GAS-CCGT-EXISTING-9,110,3000,gas_ccgt
GAS-CCGT-EXISTING-10,50,3000,gas_ccgt
GAS-CCGT-EXISTING-11,110,3000,gas_ccgt
GAS-CCGT-EXISTING-12,90,3000,gas_ccgt
GAS-CCGT-EXISTING-13,90,3000,gas_ccgt
GAS-CCGT-EXISTING-14,90,3000,gas_ccgt
GAS-CCGT-EXISTING-15,160,3000,gas_ccgt
GAS-CCGT-EXISTING-16,30,2000,gas_ccgt
GAS-CCGT-EXISTING-17,30,2000,gas_ccgt
GAS-CCGT-EXISTING-18,30,2000,gas_ccgt
GAS-CCGT-EXISTING-19,30,2000,gas_ccgt
GAS-CCGT-EXISTING-20,30,2000,gas_ccgt
GAS-CCGT-EXISTING-21,30,2000,gas_ccgt
GAS-CCGT-EXISTING-22,40,2000,gas_ccgt
GAS-CCGT-EXISTING-23,40,2000,gas_ccgt
GAS-CCGT-EXISTING-24,40,2000,gas_ccgt
GAS-CCGT-EXISTING-25,70,4000,gas_ccgt
GAS-CCGT-EXISTING-26,70,4000,gas_ccgt
GAS-CCGT-EXISTING-27,110,4000,gas_ccgt
GAS-CCGT-EXISTING-28,110,4000,gas_ccgt
GAS-CCGT-EXISTING-29,130,4000,gas_ccgt
GAS-CCGT-EXISTING-30,220,3000,gas_ccgt
GAS-CCGT-EXISTING-31,220,3000,gas_ccgt
GAS-CCGT-EXISTING-32,250,3000,gas_ccgt
GAS-CCGT-EXISTING-33,250,3000,gas_ccgt
GAS-CCGT-EXISTING-34,250,3000,gas_ccgt
GAS-CCGT-EXISTING-35,250,3000,gas_ccgt
GAS-CCGT-EXISTING-36,140,4000,gas_ccgt
GAS-CCGT-EXISTING-37,140,4000,gas_ccgt
GAS-CCGT-EXISTING-38,140,4000,gas_ccgt
GAS-CCGT-EXISTING-39,140,4000,gas_ccgt
GAS-CCGT-EXISTING-40,160,4000,gas_ccgt
GAS-CCGT-EXISTING-41,160,4000,gas_ccgt
GAS-CCGT-EXISTING-42,120,4000,gas_ccgt
GAS-CCGT-EXISTING-43,120,4000,gas_ccgt
GAS-CCGT-EXISTING-44,120,4000,gas_ccgt
GAS-CCGT-EXISTING-45,120,4000,gas_ccgt
GAS-CCGT-EXISTING-46,110,4000,gas_ccgt
GAS-CCGT-EXISTING-47,110,4000,gas_ccgt
GAS-CCGT-EXISTING-48,30,15000,gas_ccgt
GAS-CCGT-EXISTING-49,30,15000,gas_ccgt
GAS-CCGT-EXISTING-50,30,15000,gas_ccgt
GAS-CCGT-EXISTING-51,30,15000,gas_ccgt
GAS-CCGT-EXISTING-52,30,15000,gas_ccgt
GAS-CCGT-EXISTING-53,30,15000,gas_ccgt
GAS-CCGT-EXISTING-54,30,15000,gas_ccgt
GAS-CCGT-EXISTING-55,110,4000,gas_ccgt
GAS-CCGT-EXISTING-56,110,4000,gas_ccgt
GAS-CCGT-EXISTING-57,110,4000,gas_ccgt
GAS-CCGT-EXISTING-58,120,4000,gas_ccgt
GAS-CCGT-EXISTING-59,110,4000,gas_ccgt
GAS-CCGT-EXISTING-60,120,4000,gas_ccgt
GAS-CCGT-EXISTING-61,170,6000,gas_ccgt
GAS-CCGT-EXISTING-62,170,6000,gas_ccgt
GAS-CCGT-EXISTING-63,170,6000,gas_ccgt
GAS-CCGT-EXISTING-64,240,6000,gas_ccgt
GAS-CCGT-EXISTING-65,40,4000,gas_ccgt
GAS-CCGT-EXISTING-66,40,4000,gas_ccgt
GAS-CCGT-EXISTING-67,40,4000,gas_ccgt
GAS-CCGT-EXISTING-68,50,3000,gas_ccgt
GAS-CCGT-EXISTING-69,50,3000,gas_ccgt
GAS-CCGT-EXISTING-70,50,3000,gas_ccgt
GAS-CCGT-EXISTING-71,80,3000,gas_ccgt
GAS-CCGT-EXISTING-72,50,3000,gas_ccgt
GAS-CCGT-EXISTING-73,50,3000,gas_ccgt
GAS-CCGT-EXISTING-74,50,3000,gas_ccgt
GAS-CCGT-EXISTING-75,70,3000,gas_ccgt
GAS-CCGT-EXISTING-76,120,4000,gas_ccgt
GAS-CCGT-EXISTING-77,60,4000,gas_ccgt
GAS-CCGT-EXISTING-78,120,4000,gas_ccgt
GAS-CCGT-EXISTING-79,120,4000,gas_ccgt
GAS-CCGT-EXISTING-80,130,4000,gas_ccgt
GAS-CCGT-EXISTING-81,140,5000,gas_ccgt
GAS-CCGT-EXISTING-82,80,5000,gas_ccgt
GAS-CCGT-EXISTING-83,240,4000,gas_ccgt
GAS-CCGT-EXISTING-84,290,4000,gas_ccgt
GAS-CCGT-EXISTING-85,240,5000,gas_ccgt
GAS-CCGT-EXISTING-86,140,5000,gas_ccgt
GAS-CCGT-EXISTING-87,150,7000,gas_ccgt
GAS-CCGT-EXISTING-88,150,7000,gas_ccgt
GAS-CCGT-EXISTING-89,180,7000,gas_ccgt
GAS-CCGT-EXISTING-90,150,4000,gas_ccgt
GAS-CCGT-EXISTING-91,140,4000,gas_ccgt
GAS-CCGT-EXISTING-92,170,4000,gas_ccgt
GAS-CCGT-EXISTING-93,150,3000,gas_ccgt
GAS-CCGT-EXISTING-94,80,3000,gas_ccgt
GAS-CCGT-EXISTING-95,240,2000,gas_ccgt
GAS-CCGT-EXISTING-96,140,2000,gas_ccgt
GAS-CCGT-EXISTING-97,80,2000,gas_ccgt
GAS-CCGT-EXISTING-98,40,2000,gas_ccgt
GAS-CCGT-EXISTING-99,90,3000,gas_ccgt
GAS-CCGT-EXISTING-100,60,3000,gas_ccgt
GAS-CCGT-EXISTING-101,70,3000,gas_ccgt
GAS-CCGT-EXISTING-102,40,3000,gas_ccgt
GAS-CCGT-EXISTING-103,70,3000,gas_ccgt
GAS-CCGT-EXISTING-104,40,3000,gas_ccgt
GAS-CCGT-EXISTING-105,330,9000,gas_ccgt
GAS-CCGT-EXISTING-106,10,7000,gas_ccgt
GAS-CCGT-EXISTING-107,10,7000,gas_ccgt
GAS-CCGT-EXISTING-108,10,7000,gas_ccgt
GAS-CCGT-EXISTING-109,30,4000,gas_ccgt
GAS-CCGT-EXISTING-110,40,4000,gas_ccgt
GAS-CCGT-EXISTING-111,40,4000,gas_ccgt
GAS-CCGT-EXISTING-112,40,4000,gas_ccgt
GAS-CCGT-EXISTING-113,40,4000,gas_ccgt
GAS-CCGT-EXISTING-114,40,4000,gas_ccgt
GAS-CCGT-EXISTING-115,40,4000,gas_ccgt
GAS-CCGT-EXISTING-116,30,4000,gas_ccgt
GAS-CCGT-EXISTING-117,30,4000,gas_ccgt
GAS-CCGT-EXISTING-118,30,4000,gas_ccgt
GAS-CCGT-EXISTING-119,30,4000,gas_ccgt
GAS-CCGT-EXISTING-120,30,4000,gas_ccgt
GAS-CCGT-EXISTING-121,30,4000,gas_ccgt
GAS-CCGT-EXISTING-122,30,4000,gas_ccgt
GAS-CCGT-EXISTING-123,30,4000,gas_ccgt
GAS-CCGT-EXISTING-124,30,4000,gas_ccgt
GAS-CCGT-EXISTING-125,240,3000,gas_ccgt
GAS-CCGT-EXISTING-126,240,3000,gas_ccgt
GAS-CCGT-EXISTING-127,130,3000,gas_ccgt
GAS-CCGT-EXISTING-128,130,3000,gas_ccgt
GAS-CCGT-EXISTING-129,110,4000,gas_ccgt
GAS-CCGT-EXISTING-130,40,4000,gas_ccgt
GAS-CCGT-EXISTING-131,40,4000,gas_ccgt
GAS-CCGT-EXISTING-132,40,4000,gas_ccgt
GAS-CCGT-EXISTING-133,40,4000,gas_ccgt
GAS-CCGT-EXISTING-134,40,4000,gas_ccgt
GAS-CCGT-EXISTING-135,40,4000,gas_ccgt
GAS-CCGT-EXISTING-136,50,4000,gas_ccgt
GAS-CCGT-EXISTING-137,110,4000,gas_ccgt
GAS-CCGT-EXISTING-138,60,4000,gas_ccgt
GAS-CCGT-EXISTING-139,40,3000,gas_ccgt
GAS-CCGT-EXISTING-140,40,3000,gas_ccgt
GAS-CCGT-EXISTING-141,40,3000,gas_ccgt
GAS-CCGT-EXISTING-142,240,3000,gas_ccgt
GAS-CCGT-EXISTING-143,50,3000,gas_ccgt
GAS-CCGT-EXISTING-144,160,3000,gas_ccgt
GAS-CCGT-EXISTING-145,140,6000,gas_ccgt
GAS-CCGT-EXISTING-146,140,6000,gas_ccgt
GAS-CCGT-EXISTING-147,140,6000,gas_ccgt
GAS-CCGT-EXISTING-148,250,6000,gas_ccgt
GAS-CCGT-EXISTING-149,60,2000,gas_ccgt
GAS-CCGT-EXISTING-150,60,2000,gas_ccgt
GAS-CCGT-EXISTING-151,60,2000,gas_ccgt
GAS-CCGT-EXISTING-152,40,4000,gas_ccgt
GAS-CCGT-EXISTING-153,40,4000,gas_ccgt
GAS-CCGT-EXISTING-154,40,4000,gas_ccgt
GAS-CCGT-EXISTING-155,350,2000,gas_ccgt
GAS-CCGT-EXISTING-156,350,4000,gas_ccgt
GAS-CCGT-EXISTING-157,110,4000,gas_ccgt
GAS-CCGT-EXISTING-158,110,4000,gas_ccgt
GAS-CCGT-EXISTING-159,110,4000,gas_ccgt
GAS-CCGT-EXISTING-160,380,6000,gas_ccgt
GAS-CCGT-EXISTING-161,380,6000,gas_ccgt
GAS-CCGT-EXISTING-162,380,6000,gas_ccgt
GAS-CCGT-EXISTING-163,380,6000,gas_ccgt
GAS-CCGT-EXISTING-164,380,4000,gas_ccgt
GAS-CCGT-EXISTING-165,380,4000,gas_ccgt
GAS-CCGT-EXISTING-166,380,4000,gas_ccgt
GAS-CCGT-EXISTING-167,110,3000,gas_ccgt
GAS-CCGT-EXISTING-168,110,3000,gas_ccgt
GAS-CCGT-EXISTING-169,110,3000,gas_ccgt
GAS-CCGT-EXISTING-170,110,3000,gas_ccgt
GAS-CCGT-EXISTING-171,120,3000,gas_ccgt
GAS-CCGT-EXISTING-172,120,3000,gas_ccgt
GAS-CCGT-EXISTING-173,640,3000,gas_ccgt
GAS-CCGT-EXISTING-174,670,3000,gas_ccgt
GAS-CCGT-EXISTING-175,670,3000,gas_ccgt
GAS-CCGT-EXISTING-176,240,3000,gas_ccgt
GAS-CCGT-EXISTING-177,110,4000,gas_ccgt
GAS-CCGT-EXISTING-178,110,4000,gas_ccgt
GAS-CCGT-EXISTING-179,110,4000,gas_ccgt
GAS-CCGT-EXISTING-180,190,4000,gas_ccgt
GAS-CCGT-EXISTING-181,40,3000,gas_ccgt
GAS-CCGT-EXISTING-182,50,3000,gas_ccgt
GAS-CCGT-EXISTING-183,50,3000,gas_ccgt
GAS-CCGT-EXISTING-184,50,3000,gas_ccgt
GAS-CCGT-EXISTING-185,130,6000,gas_ccgt
GAS-CCGT-EXISTING-186,130,6000,gas_ccgt
GAS-CCGT-EXISTING-187,150,6000,gas_ccgt
OTHER-EXISTING-1,50,5000,other
OTHER-EXISTING-2,50,5000,other
OTHER-EXISTING-3,50,5000,other
OTHER-EXISTING-4,50,5000,other
OTHER-EXISTING-5,50,5000,other
OTHER-EXISTING-6,50,5000,other
OTHER-EXISTING-7,50,5000,other
OTHER-EXISTING-8,50,5000,other
OTHER-EXISTING-9,50,5000,other
OTHER-EXISTING-10,50,5000,other
OTHER-EXISTING-11,20,5000,other
OTHER-EXISTING-12,30,5000,other
OTHER-EXISTING-13,20,5000,other
OTHER-EXISTING-14,30,5000,other
OTHER-EXISTING-15,30,5000,other
OTHER-EXISTING-16,30,5000,other
OTHER-EXISTING-17,30,5000,other
OTHER-EXISTING-18,20,5000,other
OTHER-EXISTING-19,30,5000,other
OTHER-EXISTING-20,20,5000,other
OTHER-EXISTING-21,30,5000,other
OTHER-EXISTING-22,20,5000,other
OTHER-EXISTING-23,20,5000,other
OTHER-EXISTING-24,20,5000,other
OTHER-EXISTING-25,20,5000,other
OTHER-EXISTING-26,20,5000,other
OTHER-EXISTING-27,20,5000,other
OTHER-EXISTING-28,20,5000,other
OTHER-EXISTING-29,10,5000,other
OTHER-EXISTING-30,30,5000,other
OTHER-EXISTING-31,30,5000,other
OTHER-EXISTING-32,30,5000,other
OTHER-EXISTING-33,20,5000,other
OTHER-EXISTING-34,30,5000,other
OTHER-EXISTING-35,30,5000,other
OTHER-EXISTING-36,20,5000,other
OTHER-EXISTING-37,20,5000,other
OTHER-EXISTING-38,10,5000,other
OTHER-EXISTING-39,10,5000,other
OTHER-EXISTING-40,20,5000,other
OTHER-EXISTING-41,20,5000,other
OTHER-EXISTING-42,10,5000,other
OTHER-EXISTING-43,20,5000,other
OTHER-EXISTING-44,20,5000,other
OTHER-EXISTING-45,20,5000,other
OTHER-EXISTING-46,20,5000,other
OTHER-EXISTING-47,20,5000,other
OTHER-EXISTING-48,10,5000,other
OTHER-EXISTING-49,30,5000,other
OTHER-EXISTING-50,30,5000,other
OTHER-EXISTING-51,20,5000,other
OTHER-EXISTING-52,30,5000,other
OTHER-EXISTING-53,30,5000,other
OTHER-EXISTING-54,20,5000,other
OTHER-EXISTING-55,10,5000,other
OTHER-EXISTING-56,20,5000,other
OTHER-EXISTING-57,10,5000,other
OTHER-EXISTING-58,10,5000,other
OTHER-EXISTING-59,10,5000,other
OTHER-EXISTING-60,10,5000,other
OTHER-EXISTING-61,10,5000,other
OTHER-EXISTING-62,20,5000,other
OTHER-EXISTING-63,20,5000,other
OTHER-EXISTING-64,30,5000,other
OTHER-EXISTING-65,60,5000,other
OTHER-EXISTING-66,20,5000,other
OTHER-EXISTING-67,70,5000,other
OTHER-EXISTING-68,20,5000,other
OTHER-EXISTING-69,10,5000,other
OTHER-EXISTING-70,20,5000,other
OTHER-EXISTING-71,30,5000,other
OTHER-EXISTING-72,30,5000,other
OTHER-EXISTING-73,70,5000,other
OTHER-EXISTING-74,30,5000,other
OTHER-EXISTING-75,20,5000,other
OTHER-EXISTING-76,70,5000,other
OTHER-EXISTING-77,20,5000,other
GAS-CT-EXISTING-1,0,5000,gas_ct
GAS-CT-EXISTING-2,90,5000,gas_ct
GAS-CT-EXISTING-3,40,5000,gas_ct
GAS-CT-EXISTING-4,20,5000,gas_ct
GAS-CT-EXISTING-5,20,5000,gas_ct
GAS-CT-EXISTING-6,20,5000,gas_ct
GAS-CT-EXISTING-7,20,5000,gas_ct
GAS-CT-EXISTING-8,50,5000,gas_ct
GAS-CT-EXISTING-9,120,5000,gas_ct
GAS-CT-EXISTING-10,10,1000,gas_ct
GAS-CT-EXISTING-11,20,5000,gas_ct
GAS-CT-EXISTING-12,20,5000,gas_ct
GAS-CT-EXISTING-13,20,5000,gas_ct
GAS-CT-EXISTING-14,20,5000,gas_ct
GAS-CT-EXISTING-15,30,5000,gas_ct
GAS-CT-EXISTING-16,30,5000,gas_ct
GAS-CT-EXISTING-17,20,5000,gas_ct
GAS-CT-EXISTING-18,20,5000,gas_ct
GAS-CT-EXISTING-19,10,5000,gas_ct
GAS-CT-EXISTING-20,60,2000,gas_ct
GAS-CT-EXISTING-21,40,2000,gas_ct
GAS-CT-EXISTING-22,60,2000,gas_ct
GAS-CT-EXISTING-23,40,2000,gas_ct
GAS-CT-EXISTING-24,10,5000,gas_ct
GAS-CT-EXISTING-25,20,5000,gas_ct
GAS-CT-EXISTING-26,10,4000,gas_ct
GAS-CT-EXISTING-27,60,5000,gas_ct
GAS-CT-EXISTING-28,10,6000,gas_ct
GAS-CT-EXISTING-29,30,15000,gas_ct
GAS-CT-EXISTING-30,30,15000,gas_ct
GAS-CT-EXISTING-31,30,15000,gas_ct
GAS-CT-EXISTING-32,30,15000,gas_ct
GAS-CT-EXISTING-33,30,6000,gas_ct
GAS-CT-EXISTING-34,60,4000,gas_ct
GAS-CT-EXISTING-35,60,4000,gas_ct
GAS-CT-EXISTING-36,10,5000,gas_ct
GAS-CT-EXISTING-37,20,4000,gas_ct
GAS-CT-EXISTING-38,20,4000,gas_ct
GAS-CT-EXISTING-39,20,4000,gas_ct
GAS-CT-EXISTING-40,20,5000,gas_ct
GAS-CT-EXISTING-41,20,4000,gas_ct
GAS-CT-EXISTING-42,20,4000,gas_ct
GAS-CT-EXISTING-43,20,4000,gas_ct
GAS-CT-EXISTING-44,20,4000,gas_ct
GAS-CT-EXISTING-45,30,4000,gas_ct
GAS-CT-EXISTING-46,30,4000,gas_ct
GAS-CT-EXISTING-47,20,4000,gas_ct
GAS-CT-EXISTING-48,30,4000,gas_ct
GAS-CT-EXISTING-49,30,3000,gas_ct
GAS-CT-EXISTING-50,30,3000,gas_ct
GAS-CT-EXISTING-51,30,3000,gas_ct
GAS-CT-EXISTING-52,30,3000,gas_ct
GAS-CT-EXISTING-53,30,3000,gas_ct
GAS-CT-EXISTING-54,70,4000,gas_ct
GAS-CT-EXISTING-55,30,3000,gas_ct
GAS-CT-EXISTING-56,30,3000,gas_ct
GAS-CT-EXISTING-57,30,3000,gas_ct
GAS-CT-EXISTING-58,30,3000,gas_ct
GAS-CT-EXISTING-59,30,3000,gas_ct
DIESEL-EXISTING-1,20,5000,diesel
DIESEL-EXISTING-2,20,5000,diesel
DIESEL-EXISTING-3,50,5000,diesel
DIESEL-EXISTING-4,30,5000,diesel
DIESEL-EXISTING-5,40,5000,diesel
DIESEL-EXISTING-6,40,5000,diesel
DIESEL-EXISTING-7,30,1000,diesel
DIESEL-EXISTING-8,20,5000,diesel
DIESEL-EXISTING-9,10,5000,diesel
DIESEL-EXISTING-10,10,5000,diesel
DIESEL-EXISTING-11,20,5000,diesel
DIESEL-EXISTING-12,20,5000,diesel
DIESEL-EXISTING-13,20,5000,diesel
DIESEL-EXISTING-14,30,5000,diesel
DIESEL-EXISTING-15,20,5000,diesel
DIESEL-EXISTING-16,20,5000,diesel
DIESEL-EXISTING-17,20,5000,diesel
DIESEL-EXISTING-18,40,5000,diesel
DIESEL-EXISTING-19,10,5000,diesel
DIESEL-EXISTING-20,30,5000,diesel
DIESEL-EXISTING-21,40,5000,diesel
DIESEL-EXISTING-22,20,5000,diesel
DIESEL-EXISTING-23,20,5000,diesel
DIESEL-EXISTING-24,20,5000,diesel
DIESEL-EXISTING-25,20,5000,diesel
DIESEL-EXISTING-26,20,5000,diesel
DIESEL-EXISTING-27,50,5000,diesel
DIESEL-EXISTING-28,20,5000,diesel
DIESEL-EXISTING-29,40,5000,diesel
DIESEL-EXISTING-30,30,5000,diesel
DIESEL-EXISTING-31,50,5000,diesel
DIESEL-EXISTING-32,30,5000,diesel
DIESEL-EXISTING-33,50,5000,diesel
DIESEL-EXISTING-34,20,5000,diesel
DIESEL-EXISTING-35,10,5000,diesel
DIESEL-EXISTING-36,30,6000,diesel
DIESEL-EXISTING-37,20,5000,diesel
DIESEL-EXISTING-38,20,5000,diesel
DIESEL-EXISTING-39,20,5000,diesel
DIESEL-EXISTING-40,20,5000,diesel
DIESEL-EXISTING-41,20,5000,diesel
DIESEL-EXISTING-42,40,5000,diesel
DIESEL-EXISTING-43,40,5000,diesel
DIESEL-EXISTING-44,120,5000,diesel
DIESEL-EXISTING-45,30,5000,diesel
DIESEL-EXISTING-46,30,5000,diesel
DIESEL-EXISTING-47,30,5000,diesel
DIESEL-EXISTING-48,20,5000,diesel
DIESEL-EXISTING-49,20,5000,diesel
DIESEL-EXISTING-50,30,5000,diesel
DIESEL-EXISTING-51,50,5000,diesel
DIESEL-EXISTING-52,20,5000,diesel
DIESEL-EXISTING-53,20,5000,diesel
DIESEL-EXISTING-54,30,5000,diesel
DIESEL-EXISTING-55,40,5000,diesel
DIESEL-EXISTING-56,10,5000,diesel
DIESEL-EXISTING-57,20,5000,diesel
DIESEL-EXISTING-58,20,5000,diesel
DIESEL-EXISTING-59,20,5000,diesel
DIESEL-EXISTING-60,20,5000,diesel
DIESEL-EXISTING-61,20,5000,diesel
DIESEL-EXISTING-62,20,5000,diesel
DIESEL-EXISTING-63,20,5000,diesel
DIESEL-EXISTING-64,20,5000,diesel
DIESEL-EXISTING-65,20,5000,diesel
DIESEL-EXISTING-66,20,5000,diesel
DIESEL-EXISTING-67,20,5000,diesel
DIESEL-EXISTING-68,20,5000,diesel
DIESEL-EXISTING-69,20,5000,diesel
DIESEL-EXISTING-70,20,5000,diesel
DIESEL-EXISTING-71,40,5000,diesel
DIESEL-EXISTING-72,30,5000,diesel
DIESEL-EXISTING-73,30,5000,diesel
DIESEL-EXISTING-74,90,5000,diesel
DIESEL-EXISTING-75,30,5000,diesel
DIESEL-EXISTING-76,50,5000,diesel
DIESEL-EXISTING-77,50,5000,diesel
DIESEL-EXISTING-78,50,5000,diesel
DIESEL-EXISTING-79,50,5000,diesel
DIESEL-EXISTING-80,30,7000,diesel
DIESEL-EXISTING-81,30,7000,diesel
DIESEL-EXISTING-82,30,7000,diesel
DIESEL-EXISTING-83,30,7000,diesel
DIESEL-EXISTING-84,30,7000,diesel
DIESEL-EXISTING-85,20,7000,diesel
DIESEL-EXISTING-86,20,7000,diesel
DIESEL-EXISTING-87,20,7000,diesel
DIESEL-EXISTING-88,20,7000,diesel
DIESEL-EXISTING-89,20,7000,diesel
DIESEL-EXISTING-90,20,7000,diesel
DIESEL-EXISTING-91,20,7000,diesel
DIESEL-EXISTING-92,20,7000,diesel
COAL-EXISTING-1,210,4000,coal
COAL-EXISTING-2,210,4000,coal
COAL-EXISTING-3,250,4000,coal
COAL-EXISTING-4,250,4000,coal
COAL-EXISTING-5,210,4000,coal
COAL-EXISTING-6,210,4000,coal
COAL-EXISTING-7,210,4000,coal
COAL-EXISTING-8,210,4000,coal
COAL-EXISTING-9,210,4000,coal
COAL-EXISTING-10,210,4000,coal
COAL-EXISTING-11,110,4000,coal
COAL-EXISTING-12,110,4000,coal
COAL-EXISTING-13,110,4000,coal
COAL-EXISTING-14,110,4000,coal
COAL-EXISTING-15,270,3000,coal
COAL-EXISTING-16,270,3000,coal
COAL-EXISTING-17,110,4000,coal
COAL-EXISTING-18,110,4000,coal
COAL-EXISTING-19,110,4000,coal
COAL-EXISTING-20,110,4000,coal
COAL-EXISTING-21,210,3000,coal
COAL-EXISTING-22,210,3000,coal
COAL-EXISTING-23,250,3000,coal
COAL-EXISTING-24,250,3000,coal
COAL-EXISTING-25,300,3000,coal
COAL-EXISTING-26,300,3000,coal
COAL-EXISTING-27,60,3000,coal
COAL-EXISTING-28,60,3000,coal
COAL-EXISTING-29,60,3000,coal
COAL-EXISTING-30,600,3000,coal
COAL-EXISTING-31,600,3000,coal
COAL-EXISTING-32,500,4000,coal
COAL-EXISTING-33,500,4000,coal
COAL-EXISTING-34,500,4000,coal
COAL-EXISTING-35,130,1000,coal
COAL-EXISTING-36,130,1000,coal
COAL-EXISTING-37,130,1000,coal
COAL-EXISTING-38,130,1000,coal
COAL-EXISTING-39,250,4000,coal
COAL-EXISTING-40,250,4000,coal
COAL-EXISTING-41,110,3000,coal
COAL-EXISTING-42,110,3000,coal
COAL-EXISTING-43,210,3000,coal
COAL-EXISTING-44,210,3000,coal
COAL-EXISTING-45,210,3000,coal
COAL-EXISTING-46,200,3000,coal
COAL-EXISTING-47,200,3000,coal
COAL-EXISTING-48,140,2000,coal
COAL-EXISTING-49,140,2000,coal
COAL-EXISTING-50,140,4000,coal
COAL-EXISTING-51,250,2000,coal
COAL-EXISTING-52,250,2000,coal
COAL-EXISTING-53,250,2000,coal
COAL-EXISTING-54,250,2000,coal
COAL-EXISTING-55,600,2000,coal
COAL-EXISTING-56,600,2000,coal
COAL-EXISTING-57,140,2000,coal
COAL-EXISTING-58,140,2000,coal
COAL-EXISTING-59,140,2000,coal
COAL-EXISTING-60,140,2000,coal
COAL-EXISTING-61,140,2000,coal
COAL-EXISTING-62,140,2000,coal
COAL-EXISTING-63,250,4000,coal
COAL-EXISTING-64,250,4000,coal
COAL-EXISTING-65,250,4000,coal
COAL-EXISTING-66,250,4000,coal
COAL-EXISTING-67,150,4000,coal
COAL-EXISTING-68,150,4000,coal
COAL-EXISTING-69,100,4000,coal
COAL-EXISTING-70,100,4000,coal
COAL-EXISTING-71,100,4000,coal
COAL-EXISTING-72,210,4000,coal
COAL-EXISTING-73,210,4000,coal
COAL-EXISTING-74,300,4000,coal
COAL-EXISTING-75,300,4000,coal
COAL-EXISTING-76,60,5000,coal
COAL-EXISTING-77,110,5000,coal
COAL-EXISTING-78,250,3000,coal
COAL-EXISTING-79,250,3000,coal
COAL-EXISTING-80,110,4000,coal
COAL-EXISTING-81,110,4000,coal
COAL-EXISTING-82,210,3000,coal
COAL-EXISTING-83,210,3000,coal
COAL-EXISTING-84,110,4000,coal
COAL-EXISTING-85,110,4000,coal
COAL-EXISTING-86,100,2000,coal
COAL-EXISTING-87,100,2000,coal
COAL-EXISTING-88,50,2000,coal
COAL-EXISTING-89,50,2000,coal
COAL-EXISTING-90,110,4000,coal
COAL-EXISTING-91,110,4000,coal
COAL-EXISTING-92,110,4000,coal
COAL-EXISTING-93,110,4000,coal
COAL-EXISTING-94,210,4000,coal
COAL-EXISTING-95,210,4000,coal
COAL-EXISTING-96,210,4000,coal
COAL-EXISTING-97,210,4000,coal
COAL-EXISTING-98,210,4000,coal
COAL-EXISTING-99,250,3000,coal
COAL-EXISTING-100,250,3000,coal
COAL-EXISTING-101,210,2000,coal
COAL-EXISTING-102,210,2000,coal
COAL-EXISTING-103,210,2000,coal
COAL-EXISTING-104,500,2000,coal
COAL-EXISTING-105,500,2000,coal
COAL-EXISTING-106,300,4000,coal
COAL-EXISTING-107,300,4000,coal
COAL-EXISTING-108,200,3000,coal
COAL-EXISTING-109,200,3000,coal
COAL-EXISTING-110,200,3000,coal
COAL-EXISTING-111,200,3000,coal
COAL-EXISTING-112,200,3000,coal
COAL-EXISTING-113,200,1000,coal
COAL-EXISTING-114,200,1000,coal
COAL-EXISTING-115,200,1000,coal
COAL-EXISTING-116,200,1000,coal
COAL-EXISTING-117,200,1000,coal
COAL-EXISTING-118,500,1000,coal
COAL-EXISTING-119,500,1000,coal
COAL-EXISTING-120,500,2000,coal
COAL-EXISTING-121,500,2000,coal
COAL-EXISTING-122,500,2000,coal
COAL-EXISTING-123,500,2000,coal
COAL-EXISTING-124,500,2000,coal
COAL-EXISTING-125,500,2000,coal
COAL-EXISTING-126,210,3000,coal
COAL-EXISTING-127,210,3000,coal
COAL-EXISTING-128,210,3000,coal
COAL-EXISTING-129,210,3000,coal
COAL-EXISTING-130,210,3000,coal
COAL-EXISTING-131,490,4000,coal
COAL-EXISTING-132,490,4000,coal
COAL-EXISTING-133,600,2000,coal
COAL-EXISTING-134,600,2000,coal
COAL-EXISTING-135,600,2000,coal
COAL-EXISTING-136,600,2000,coal
COAL-EXISTING-137,20,3000,coal
COAL-EXISTING-138,20,3000,coal
COAL-EXISTING-139,20,3000,coal
COAL-EXISTING-140,50,3000,coal
COAL-EXISTING-141,50,3000,coal
COAL-EXISTING-142,50,3000,coal
COAL-EXISTING-143,50,3000,coal
COAL-EXISTING-144,140,3000,coal
COAL-EXISTING-145,140,3000,coal
COAL-EXISTING-146,190,3000,coal
COAL-EXISTING-147,190,3000,coal
COAL-EXISTING-148,190,3000,coal
COAL-EXISTING-149,190,3000,coal
COAL-EXISTING-150,530,2000,coal
COAL-EXISTING-151,530,2000,coal
COAL-EXISTING-152,530,2000,coal
COAL-EXISTING-153,120,2000,coal
COAL-EXISTING-154,120,2000,coal
COAL-EXISTING-155,140,2000,coal
COAL-EXISTING-156,50,2000,coal
COAL-EXISTING-157,50,2000,coal
COAL-EXISTING-158,210,1000,coal
COAL-EXISTING-159,210,1000,coal
COAL-EXISTING-160,260,2000,coal
COAL-EXISTING-161,260,2000,coal
COAL-EXISTING-162,530,2000,coal
COAL-EXISTING-163,530,2000,coal
COAL-EXISTING-164,270,2000,coal
COAL-EXISTING-165,270,2000,coal
COAL-EXISTING-166,210,1000,coal
COAL-EXISTING-167,210,1000,coal
COAL-EXISTING-168,210,1000,coal
COAL-EXISTING-169,210,1000,coal
COAL-EXISTING-170,250,1000,coal
COAL-EXISTING-171,250,1000,coal
COAL-EXISTING-172,210,2000,coal
COAL-EXISTING-173,150,2000,coal
COAL-EXISTING-174,600,4000,coal
COAL-EXISTING-175,500,3000,coal
COAL-EXISTING-176,500,3000,coal
COAL-EXISTING-177,500,2000,coal
COAL-EXISTING-178,500,2000,coal
COAL-EXISTING-179,210,1000,coal
COAL-EXISTING-180,70,1000,coal
COAL-EXISTING-181,70,1000,coal
COAL-EXISTING-182,110,1000,coal
COAL-EXISTING-183,130,1000,coal
COAL-EXISTING-184,130,1000,coal
COAL-EXISTING-185,130,1000,coal
COAL-EXISTING-186,150,1000,coal
COAL-EXISTING-187,120,3000,coal
COAL-EXISTING-188,120,3000,coal
COAL-EXISTING-189,70,2000,coal
COAL-EXISTING-190,210,2000,coal
COAL-EXISTING-191,210,2000,coal
COAL-EXISTING-192,210,2000,coal
COAL-EXISTING-193,250,1000,coal
COAL-EXISTING-194,250,1000,coal
COAL-EXISTING-195,500,2000,coal
COAL-EXISTING-196,500,2000,coal
COAL-EXISTING-197,60,2000,coal
COAL-EXISTING-198,60,2000,coal
COAL-EXISTING-199,60,2000,coal
COAL-EXISTING-200,60,2000,coal
COAL-EXISTING-201,60,2000,coal
COAL-EXISTING-202,60,2000,coal
COAL-EXISTING-203,120,2000,coal
COAL-EXISTING-204,120,1000,coal
COAL-EXISTING-205,120,1000,coal
COAL-EXISTING-206,110,1000,coal
COAL-EXISTING-207,110,1000,coal
COAL-EXISTING-208,120,2000,coal
COAL-EXISTING-209,120,2000,coal
COAL-EXISTING-210,120,2000,coal
COAL-EXISTING-211,120,2000,coal
COAL-EXISTING-212,120,2000,coal
COAL-EXISTING-213,120,2000,coal
COAL-EXISTING-214,120,2000,coal
COAL-EXISTING-215,120,2000,coal
COAL-EXISTING-216,120,2000,coal
COAL-EXISTING-217,230,4000,coal
COAL-EXISTING-218,230,4000,coal
COAL-EXISTING-219,120,2000,coal
COAL-EXISTING-220,120,2000,coal
COAL-EXISTING-221,120,2000,coal
COAL-EXISTING-222,120,2000,coal
COAL-EXISTING-223,120,2000,coal
COAL-EXISTING-224,120,2000,coal
COAL-EXISTING-225,120,2000,coal
COAL-EXISTING-226,120,2000,coal
COAL-EXISTING-227,120,1000,coal
COAL-EXISTING-228,120,1000,coal
COAL-EXISTING-229,120,1000,coal
COAL-EXISTING-230,350,3000,coal
COAL-EXISTING-231,350,3000,coal
COAL-EXISTING-232,350,3000,coal
COAL-EXISTING-233,470,1000,coal
COAL-EXISTING-234,600,1000,coal
COAL-EXISTING-235,600,1000,coal
COAL-EXISTING-236,600,1000,coal
COAL-EXISTING-237,500,1000,coal
COAL-EXISTING-238,500,1000,coal
COAL-EXISTING-239,120,2000,coal
COAL-EXISTING-240,120,2000,coal
COAL-EXISTING-241,120,2000,coal
COAL-EXISTING-242,120,2000,coal
COAL-EXISTING-243,120,2000,coal
COAL-EXISTING-244,120,2000,coal
COAL-EXISTING-245,120,2000,coal
COAL-EXISTING-246,660,1000,coal
COAL-EXISTING-247,660,1000,coal
COAL-EXISTING-248,550,1000,coal
COAL-EXISTING-249,550,1000,coal
COAL-EXISTING-250,550,1000,coal
COAL-EXISTING-251,550,1000,coal
COAL-EXISTING-252,350,3000,coal
COAL-EXISTING-253,90,2000,coal
COAL-EXISTING-254,90,2000,coal
COAL-EXISTING-255,90,2000,coal
COAL-EXISTING-256,90,2000,coal
COAL-EXISTING-257,210,2000,coal
COAL-EXISTING-258,40,2000,coal
COAL-EXISTING-259,40,2000,coal
COAL-EXISTING-260,90,2000,coal
COAL-EXISTING-261,90,2000,coal
COAL-EXISTING-262,90,2000,coal
COAL-EXISTING-263,130,2000,coal
COAL-EXISTING-264,130,2000,coal
COAL-EXISTING-265,130,2000,coal
COAL-EXISTING-266,130,2000,coal
COAL-EXISTING-267,250,2000,coal
COAL-EXISTING-268,300,2000,coal
COAL-EXISTING-269,210,2000,coal
COAL-EXISTING-270,210,2000,coal
COAL-EXISTING-271,210,2000,coal
COAL-EXISTING-272,210,2000,coal
COAL-EXISTING-273,210,2000,coal
COAL-EXISTING-274,210,2000,coal
COAL-EXISTING-275,210,2000,coal
COAL-EXISTING-276,210,2000,coal
COAL-EXISTING-277,210,2000,coal
COAL-EXISTING-278,250,2000,coal
COAL-EXISTING-279,250,2000,coal
COAL-EXISTING-280,210,2000,coal
COAL-EXISTING-281,210,2000,coal
COAL-EXISTING-282,210,3000,coal
COAL-EXISTING-283,210,3000,coal
COAL-EXISTING-284,190,3000,coal
COAL-EXISTING-285,470,3000,coal
COAL-EXISTING-286,470,3000,coal
COAL-EXISTING-287,500,3000,coal
COAL-EXISTING-288,250,2000,coal
COAL-EXISTING-289,250,2000,coal
COAL-EXISTING-290,270,2000,coal
COAL-EXISTING-291,270,2000,coal
COAL-EXISTING-292,60,3000,coal
COAL-EXISTING-293,60,3000,coal
COAL-EXISTING-294,60,3000,coal
COAL-EXISTING-295,60,3000,coal
COAL-EXISTING-296,60,3000,coal
COAL-EXISTING-297,60,3000,coal
COAL-EXISTING-298,270,2000,coal
COAL-EXISTING-299,70,2000,coal
COAL-EXISTING-300,70,2000,coal
COAL-EXISTING-301,70,2000,coal
COAL-EXISTING-302,70,2000,coal
COAL-EXISTING-303,120,2000,coal
COAL-EXISTING-304,120,2000,coal
COAL-EXISTING-305,120,4000,coal
COAL-EXISTING-306,120,4000,coal
COAL-EXISTING-307,60,3000,coal
COAL-EXISTING-308,110,3000,coal
COAL-EXISTING-309,110,3000,coal
COAL-EXISTING-310,120,5000,coal
COAL-EXISTING-311,120,5000,coal
COAL-EXISTING-312,210,4000,coal
COAL-EXISTING-313,210,4000,coal
COAL-EXISTING-314,210,3000,coal
COAL-EXISTING-315,210,3000,coal
COAL-EXISTING-316,210,3000,coal
COAL-EXISTING-317,210,3000,coal
COAL-EXISTING-318,120,3000,coal
COAL-EXISTING-319,120,3000,coal
COAL-EXISTING-320,200,3000,coal
COAL-EXISTING-321,200,3000,coal
COAL-EXISTING-322,210,3000,coal
COAL-EXISTING-323,330,2000,coal
COAL-EXISTING-324,330,2000,coal
COAL-EXISTING-325,130,1000,coal
COAL-EXISTING-326,130,1000,coal
COAL-EXISTING-327,210,3000,coal
COAL-EXISTING-328,210,3000,coal
COAL-EXISTING-329,210,3000,coal
COAL-EXISTING-330,210,3000,coal
COAL-EXISTING-331,500,2000,coal
COAL-EXISTING-332,330,2000,coal
COAL-EXISTING-333,330,2000,coal
COAL-EXISTING-334,30,2000,coal
COAL-EXISTING-335,30,2000,coal
COAL-EXISTING-336,50,2000,coal
COAL-EXISTING-337,50,2000,coal
COAL-EXISTING-338,70,2000,coal
COAL-EXISTING-339,70,2000,coal
COAL-EXISTING-340,70,2000,coal
COAL-EXISTING-341,70,3000,coal
COAL-EXISTING-342,70,2000,coal
COAL-EXISTING-343,200,3000,coal
COAL-EXISTING-344,210,2000,coal
COAL-EXISTING-345,120,2000,coal
COAL-EXISTING-346,120,2000,coal
COAL-EXISTING-347,210,2000,coal
COAL-EXISTING-348,210,3000,coal
COAL-EXISTING-349,210,3000,coal
COAL-EXISTING-350,210,3000,coal
COAL-EXISTING-351,250,2000,coal
COAL-EXISTING-352,250,2000,coal
COAL-EXISTING-353,210,2000,coal
COAL-EXISTING-354,210,2000,coal
COAL-EXISTING-355,550,3000,coal
COAL-EXISTING-356,600,2000,coal
COAL-EXISTING-357,600,2000,coal
COAL-EXISTING-358,600,2000,coal
COAL-EXISTING-359,230,2000,coal
COAL-EXISTING-360,530,1000,coal
COAL-EXISTING-361,230,2000,coal
COAL-EXISTING-362,230,2000,coal
COAL-EXISTING-363,230,2000,coal
COAL-EXISTING-364,230,2000,coal
COAL-EXISTING-365,230,2000,coal
COAL-EXISTING-366,530,2000,coal
COAL-EXISTING-367,530,2000,coal
COAL-EXISTING-368,530,1000,coal
COAL-EXISTING-369,500,1000,coal
COAL-EXISTING-370,660,2000,coal
COAL-EXISTING-371,660,2000,coal
COAL-EXISTING-372,250,3000,coal
COAL-EXISTING-373,250,3000,coal
COAL-EXISTING-374,500,1000,coal
COAL-EXISTING-375,600,2000,coal
COAL-EXISTING-376,210,3000,coal
COAL-EXISTING-377,210,3000,coal
COAL-EXISTING-378,210,3000,coal
COAL-EXISTING-379,210,3000,coal
COAL-EXISTING-380,210,3000,coal
COAL-EXISTING-381,250,3000,coal
COAL-EXISTING-382,250,3000,coal
COAL-EXISTING-383,210,3000,coal
COAL-EXISTING-384,40,3000,coal
COAL-EXISTING-385,40,3000,coal
COAL-EXISTING-386,200,4000,coal
COAL-EXISTING-387,140,3000,coal
COAL-EXISTING-388,140,4000,coal
COAL-EXISTING-389,210,4000,coal
COAL-EXISTING-390,210,4000,coal
COAL-EXISTING-391,210,4000,coal
COAL-EXISTING-392,150,3000,coal
COAL-EXISTING-393,500,3000,coal
COAL-EXISTING-394,500,7000,coal
COAL-EXISTING-395,180,5000,coal
COAL-EXISTING-396,250,3000,coal
COAL-EXISTING-397,210,3000,coal
COAL-EXISTING-398,210,3000,coal
COAL-EXISTING-399,210,3000,coal
COAL-EXISTING-400,210,3000,coal
COAL-EXISTING-401,250,3000,coal
COAL-EXISTING-402,250,3000,coal
COAL-EXISTING-403,250,2000,coal
COAL-EXISTING-404,250,2000,coal
COAL-EXISTING-405,30,3000,coal
COAL-EXISTING-406,30,3000,coal
COAL-EXISTING-407,70,3000,coal
COAL-EXISTING-408,30,3000,coal
COAL-EXISTING-409,30,3000,coal
COAL-EXISTING-410,140,3000,coal
COAL-EXISTING-411,140,3000,coal
COAL-EXISTING-412,140,3000,coal
COAL-EXISTING-413,140,3000,coal
COAL-EXISTING-414,300,3000,coal
COAL-EXISTING-415,300,3000,coal
COAL-EXISTING-416,70,3000,coal
COAL-EXISTING-417,70,3000,coal
COAL-EXISTING-418,70,3000,coal
COAL-EXISTING-419,70,3000,coal
COAL-EXISTING-420,210,3000,coal
COAL-EXISTING-421,210,3000,coal
COAL-EXISTING-422,210,3000,coal
COAL-EXISTING-423,500,3000,coal
COAL-EXISTING-424,500,3000,coal
COAL-EXISTING-425,500,3000,coal
COAL-EXISTING-426,210,4000,coal
COAL-EXISTING-427,210,4000,coal
COAL-EXISTING-428,210,4000,coal
COAL-EXISTING-429,300,2000,coal
COAL-EXISTING-430,300,2000,coal
COAL-EXISTING-431,300,2000,coal
COAL-EXISTING-432,300,2000,coal
COAL-EXISTING-433,500,3000,coal
COAL-EXISTING-434,500,3000,coal
COAL-EXISTING-435,500,3000,coal
COAL-EXISTING-436,270,3000,coal
COAL-EXISTING-437,270,3000,coal
COAL-EXISTING-438,270,3000,coal
COAL-EXISTING-439,270,4000,coal
COAL-EXISTING-440,300,3000,coal
COAL-EXISTING-441,300,3000,coal
COAL-EXISTING-442,550,3000,coal
COAL-EXISTING-443,550,3000,coal
COAL-EXISTING-444,320,1000,coal
COAL-EXISTING-445,320,1000,coal
COAL-EXISTING-446,320,3000,coal
COAL-EXISTING-447,320,3000,coal
COAL-EXISTING-448,30,2000,coal
COAL-EXISTING-449,20,2000,coal
COAL-EXISTING-450,50,2000,coal
COAL-EXISTING-451,90,2000,coal
COAL-EXISTING-452,90,2000,coal
COAL-EXISTING-453,30,1000,coal
COAL-EXISTING-454,60,2000,coal
COAL-EXISTING-455,60,2000,coal
COAL-EXISTING-456,60,2000,coal
COAL-EXISTING-457,210,2000,coal
COAL-EXISTING-458,210,2000,coal
COAL-EXISTING-459,50,3000,coal
COAL-EXISTING-460,50,3000,coal
COAL-EXISTING-461,50,3000,coal
COAL-EXISTING-462,50,3000,coal
COAL-EXISTING-463,120,3000,coal
COAL-EXISTING-464,120,3000,coal
COAL-EXISTING-465,250,3000,coal
COAL-EXISTING-466,250,3000,coal
COAL-EXISTING-467,300,2000,coal
COAL-EXISTING-468,280,2000,coal
COAL-EXISTING-469,80,2000,coal
COAL-EXISTING-470,80,2000,coal
COAL-EXISTING-471,320,2000,coal
COAL-EXISTING-472,320,2000,coal
COAL-EXISTING-473,150,2000,coal
COAL-EXISTING-474,150,2000,coal
COAL-EXISTING-475,380,2000,coal
COAL-EXISTING-476,150,2000,coal
COAL-EXISTING-477,150,2000,coal
COAL-EXISTING-478,210,2000,coal
COAL-EXISTING-479,210,2000,coal
COAL-EXISTING-480,500,2000,coal
COAL-EXISTING-481,500,3000,coal
COAL-EXISTING-482,500,3000,coal
COAL-EXISTING-483,690,2000,coal
COAL-EXISTING-484,690,2000,coal
COAL-EXISTING-485,230,1000,coal
COAL-EXISTING-486,230,1000,coal
COAL-EXISTING-487,230,1000,coal
COAL-EXISTING-488,550,1000,coal
COAL-EXISTING-489,550,1000,coal
COAL-EXISTING-490,550,1000,coal
COAL-EXISTING-491,550,1000,coal
COAL-EXISTING-492,690,2000,coal
COAL-EXISTING-493,690,2000,coal
COAL-EXISTING-494,320,2000,coal
COAL-EXISTING-495,320,2000,coal
COAL-EXISTING-496,270,2000,coal
COAL-EXISTING-497,270,2000,coal
COAL-EXISTING-498,280,2000,coal
COAL-EXISTING-499,280,2000,coal
COAL-EXISTING-500,280,2000,coal
COAL-EXISTING-501,150,1000,coal
COAL-EXISTING-502,150,1000,coal
COAL-EXISTING-503,320,2000,coal
COAL-EXISTING-504,320,2000,coal
COAL-EXISTING-505,150,2000,coal
COAL-EXISTING-506,150,2000,coal
COAL-EXISTING-507,630,2000,coal
COAL-EXISTING-508,630,2000,coal
COAL-EXISTING-509,630,2000,coal
COAL-EXISTING-510,630,2000,coal
COAL-EXISTING-511,630,2000,coal
COAL-EXISTING-512,330,2000,coal
COAL-EXISTING-513,330,2000,coal
COAL-EXISTING-514,330,2000,coal
COAL-EXISTING-515,300,2000,coal
COAL-EXISTING-516,300,2000,coal
COAL-EXISTING-517,300,2000,coal
COAL-EXISTING-518,300,2000,coal
COAL-EXISTING-519,550,1000,coal
COAL-EXISTING-520,550,1000,coal
COAL-EXISTING-521,20,3000,coal
COAL-EXISTING-522,210,3000,coal
COAL-EXISTING-523,210,3000,coal
COAL-EXISTING-524,210,3000,coal
COAL-EXISTING-525,210,3000,coal
COAL-EXISTING-526,210,3000,coal
COAL-EXISTING-527,210,3000,coal
COAL-EXISTING-528,210,3000,coal
COAL-EXISTING-529,210,3000,coal
COAL-EXISTING-530,210,3000,coal
COAL-EXISTING-531,210,3000,coal
COAL-EXISTING-532,210,3000,coal
COAL-EXISTING-533,150,3000,coal
COAL-EXISTING-534,80,3000,coal
COAL-EXISTING-535,90,3000,coal
COAL-EXISTING-536,60,3000,coal
COAL-EXISTING-537,110,5000,coal
COAL-EXISTING-538,30,3000,coal
COAL-EXISTING-539,30,5000,coal
COAL-EXISTING-540,500,3000,coal
COAL-EXISTING-541,500,3000,coal
COAL-EXISTING-542,500,3000,coal
COAL-EXISTING-543,500,3000,coal
COAL-EXISTING-544,500,3000,coal
COAL-EXISTING-545,150,3000,coal
COAL-EXISTING-546,150,3000,coal
COAL-EXISTING-547,150,3000,coal
COAL-EXISTING-548,150,3000,coal
COAL-EXISTING-549,150,3000,coal
COAL-EXISTING-550,150,3000,coal
COAL-EXISTING-551,500,2000,coal
COAL-EXISTING-552,60,2000,coal
COAL-EXISTING-553,80,3000,coal
COAL-EXISTING-554,70,2000,coal
COAL-EXISTING-555,50,3000,coal
COAL-EXISTING-556,30,3000,coal
COAL-EXISTING-557,20,3000,coal
COAL-EXISTING-558,60,3000,coal
COAL-EXISTING-559,80,2000,coal
COAL-EXISTING-560,30,3000,coal
COAL-EXISTING-561,90,3000,coal
COAL-EXISTING-562,250,2000,coal
COAL-EXISTING-563,60,2000,coal
COAL-EXISTING-564,60,2000,coal
COAL-EXISTING-565,60,2000,coal
COAL-EXISTING-566,120,2000,coal
COAL-EXISTING-567,120,2000,coal
COAL-EXISTING-568,120,2000,coal
COAL-EXISTING-569,120,2000,coal
COAL-EXISTING-570,250,2000,coal
COAL-EXISTING-571,150,3000,coal
COAL-EXISTING-572,50,3000,coal
COAL-EXISTING-573,200,3000,coal
COAL-EXISTING-574,200,3000,coal
COAL-EXISTING-575,200,3000,coal
COAL-EXISTING-576,500,3000,coal
COAL-EXISTING-577,500,3000,coal
COAL-EXISTING-578,500,3000,coal
COAL-EXISTING-579,500,3000,coal
COAL-EXISTING-580,500,2000,coal
COAL-EXISTING-581,500,3000,coal
COAL-EXISTING-582,10,4000,coal
COAL-EXISTING-583,60,4000,coal
COAL-EXISTING-584,30,4000,coal
COAL-EXISTING-585,20,4000,coal
COAL-EXISTING-586,10,4000,coal
COAL-EXISTING-587,40,4000,coal
COAL-EXISTING-588,70,4000,coal
COAL-EXISTING-589,30,5000,coal
COAL-EXISTING-590,130,6000,coal
COAL-EXISTING-591,130,6000,coal
COAL-EXISTING-592,210,3000,coal
COAL-EXISTING-593,210,3000,coal
COAL-EXISTING-594,210,3000,coal
COAL-EXISTING-595,210,3000,coal
COAL-EXISTING-596,210,3000,coal
COAL-EXISTING-597,210,3000,coal
COAL-EXISTING-598,210,3000,coal
COAL-EXISTING-599,250,3000,coal
COAL-EXISTING-600,500,3000,coal
COAL-EXISTING-601,500,3000,coal
COAL-EXISTING-602,300,6000,coal
COAL-EXISTING-603,300,6000,coal
COAL-EXISTING-604,300,6000,coal
COAL-EXISTING-605,300,6000,coal
COAL-EXISTING-606,600,2000,coal
COAL-EXISTING-607,600,2000,coal
COAL-EXISTING-608,120,5000,coal
COAL-EXISTING-609,30,5000,coal
COAL-EXISTING-610,20,5000,coal
COAL-EXISTING-611,50,5000,coal
COAL-EXISTING-612,10,5000,coal
COAL-EXISTING-613,10,5000,coal
COAL-EXISTING-614,50,2000,coal
COAL-EXISTING-615,50,2000,coal
COAL-EXISTING-616,50,2000,coal
COAL-EXISTING-617,50,2000,coal
COAL-EXISTING-618,50,2000,coal
COAL-EXISTING-619,50,2000,coal
COAL-EXISTING-620,20,5000,coal
COAL-EXISTING-621,50,5000,coal
COAL-EXISTING-622,30,5000,coal
COAL-EXISTING-623,70,5000,coal
COAL-EXISTING-624,10,5000,coal
COAL-EXISTING-625,60,5000,coal
COAL-EXISTING-626,20,5000,coal
COAL-EXISTING-627,60,8000,coal
COAL-EXISTING-628,60,8000,coal
COAL-EXISTING-629,40,5000,coal
COAL-EXISTING-630,110,3000,coal
COAL-EXISTING-631,110,3000,coal
COAL-EXISTING-632,110,3000,coal
COAL-EXISTING-633,70,5000,coal
COAL-EXISTING-634,70,5000,coal
COAL-EXISTING-635,70,5000,coal
COAL-EXISTING-636,210,3000,coal
COAL-EXISTING-637,210,3000,coal
COAL-EXISTING-638,210,3000,coal
COAL-EXISTING-639,210,3000,coal
COAL-EXISTING-640,250,2000,coal
COAL-EXISTING-641,100,2000,coal
COAL-EXISTING-642,100,2000,coal
COAL-EXISTING-643,100,2000,coal
COAL-EXISTING-644,210,2000,coal
COAL-EXISTING-645,210,2000,coal
COAL-EXISTING-646,210,2000,coal
COAL-EXISTING-647,210,3000,coal
COAL-EXISTING-648,210,3000,coal
COAL-EXISTING-649,210,3000,coal
COAL-EXISTING-650,210,2000,coal
COAL-EXISTING-651,210,2000,coal
COAL-EXISTING-652,210,2000,coal
COAL-EXISTING-653,210,2000,coal
COAL-EXISTING-654,210,2000,coal
COAL-EXISTING-655,40,5000,coal
COAL-EXISTING-656,80,5000,coal
COAL-EXISTING-657,160,5000,coal
COAL-EXISTING-658,70,5000,coal
COAL-EXISTING-659,70,5000,coal
COAL-EXISTING-660,60,5000,coal
COAL-EXISTING-661,80,5000,coal
COAL-EXISTING-662,80,5000,coal
COAL-EXISTING-663,150,5000,coal
COAL-EXISTING-664,150,5000,coal
COAL-EXISTING-665,210,2000,coal
COAL-EXISTING-666,210,2000,coal
COAL-EXISTING-667,210,2000,coal
COAL-EXISTING-668,210,2000,coal
COAL-EXISTING-669,210,2000,coal
COAL-EXISTING-670,210,2000,coal
COAL-EXISTING-671,250,2000,coal
COAL-EXISTING-672,250,2000,coal
COAL-EXISTING-673,500,2000,coal
COAL-EXISTING-674,500,2000,coal
COAL-EXISTING-675,500,2000,coal
COAL-EXISTING-676,600,3000,coal
COAL-EXISTING-677,600,3000,coal
COAL-EXISTING-678,600,3000,coal
COAL-EXISTING-679,600,4000,coal
COAL-EXISTING-680,600,3000,coal
COAL-EXISTING-681,600,3000,coal
COAL-EXISTING-682,370,3000,coal
COAL-EXISTING-683,370,3000,coal
COAL-EXISTING-684,50,3000,coal
COAL-EXISTING-685,10,3000,coal
COAL-EXISTING-686,30,3000,coal
COAL-EXISTING-687,10,3000,coal
COAL-EXISTING-688,10,3000,coal
COAL-EXISTING-689,10,3000,coal
COAL-EXISTING-690,10,3000,coal
COAL-EXISTING-691,10,3000,coal
COAL-EXISTING-692,10,3000,coal
COAL-EXISTING-693,70,1000,coal
COAL-EXISTING-694,70,1000,coal
COAL-EXISTING-695,80,1000,coal
COAL-EXISTING-696,80,1000,coal
COAL-EXISTING-697,130,1000,coal
COAL-EXISTING-698,130,1000,coal
COAL-EXISTING-699,130,1000,coal
COAL-EXISTING-700,130,1000,coal
COAL-EXISTING-701,10,5000,other
COAL-EXISTING-702,10,5000,other
COAL-EXISTING-703,660,2000,coal
COAL-EXISTING-704,660,2000,coal
COAL-EXISTING-705,660,2000,coal
COAL-EXISTING-706,700,3000,coal
COAL-EXISTING-707,700,3000,coal
COAL-EXISTING-708,660,3000,coal
COAL-EXISTING-709,660,3000,coal
COAL-EXISTING-710,660,2000,coal
COAL-EXISTING-711,660,2000,coal
COAL-EXISTING-712,660,2000,coal
COAL-EXISTING-713,660,2000,coal
COAL-EXISTING-714,660,2000,coal
COAL-EXISTING-715,600,4000,coal
COAL-EXISTING-716,660,1000,coal
COAL-EXISTING-717,660,1000,coal
COAL-EXISTING-718,660,2000,coal
COAL-EXISTING-719,660,2000,coal
COAL-EXISTING-720,660,2000,coal
COAL-EXISTING-721,660,2000,coal
COAL-EXISTING-722,660,2000,coal
COAL-EXISTING-723,830,1000,coal
COAL-EXISTING-724,830,1000,coal
COAL-EXISTING-725,830,1000,coal
COAL-EXISTING-726,830,1000,coal
COAL-EXISTING-727,830,1000,coal
COAL-EXISTING-728,700,1000,coal
COAL-EXISTING-729,700,1000,coal
COAL-EXISTING-730,660,1000,coal
COAL-EXISTING-731,660,1000,coal
COAL-EXISTING-732,660,1000,coal
COAL-EXISTING-733,660,1000,coal
COAL-EXISTING-734,660,1000,coal
COAL-EXISTING-735,700,1000,coal
COAL-EXISTING-736,660,3000,coal
COAL-EXISTING-737,660,3000,coal
COAL-EXISTING-738,660,3000,coal
COAL-EXISTING-739,660,2000,coal
COAL-EXISTING-740,660,2000,coal
COAL-EXISTING-741,660,2000,coal
COAL-EXISTING-742,660,2000,coal
COAL-EXISTING-743,660,1000,coal
COAL-EXISTING-744,660,1000,coal
COAL-EXISTING-745,330,1000,coal
COAL-EXISTING-746,330,1000,coal
COAL-EXISTING-747,690,1000,coal
COAL-EXISTING-748,690,1000,coal
COAL-EXISTING-749,690,1000,coal
COAL-EXISTING-750,800,2000,coal
COAL-EXISTING-751,600,2000,coal
OTHER-EXISTING-78,40,4000,other
OTHER-EXISTING-79,40,4000,other
HYDRO-STORAGE,36690,0,hydro
HYDRO-ROR,14440,0,mustrun
NUCLEAR,16880,3000,mustrun
HYDRO-PONDAGE,22320,0,mustrun