"generator","gen_capacity","var_cost","type"
"GEN_122073_FARIDAB2_220_G1",137,2840,"gas_ccgt"
"GEN_122073_FARIDAB2_220_G2",137,2840,"gas_ccgt"
"GEN_122073_FARIDAB2_220_S1",156,2840,"gas_ccgt"
"GEN_131116_RAMGARH21_132_1",35.5,2520,"gas_ccgt"
"GEN_131116_RAMGARH21_132_2",37.5,2520,"gas_ccgt"
"GEN_131116_RAMGARH21_132_3",37.5,2520,"gas_ccgt"
"GEN_132021_DHOLPU-4_220_1",110,3020,"gas_ccgt"
"GEN_132021_DHOLPU-4_220_2",110,3020,"gas_ccgt"
"GEN_132021_DHOLPU-4_220_3",110,3020,"gas_ccgt"
"GEN_132113_RAMGARH_220_4",50,2520,"gas_ccgt"
"GEN_132113_RAMGARH_220_5",110,2520,"gas_ccgt"
"GEN_134029_ANTA2_220_G1",88.7,3260,"gas_ccgt"
"GEN_134029_ANTA2_220_G2",88.7,3260,"gas_ccgt"
"GEN_134029_ANTA2_220_G3",88.7,3260,"gas_ccgt"
"GEN_134029_ANTA2_220_S1",153.2,3260,"gas_ccgt"
"GEN_140001_DEL_GAS6_66_G1",30,2040,"gas_ccgt"
"GEN_140001_DEL_GAS6_66_G2",30,2040,"gas_ccgt"
"GEN_140001_DEL_GAS6_66_G3",30,2040,"gas_ccgt"
"GEN_140001_DEL_GAS6_66_G4",30,2040,"gas_ccgt"
"GEN_140001_DEL_GAS6_66_G5",30,2040,"gas_ccgt"
"GEN_140001_DEL_GAS6_66_G6",30,2040,"gas_ccgt"
"GEN_140001_DEL_GAS6_66_S1",34,2040,"gas_ccgt"
"GEN_140001_DEL_GAS6_66_S2",34,2040,"gas_ccgt"
"GEN_140001_DEL_GAS6_66_S3",34,2040,"gas_ccgt"
"GEN_140005_RAJGHATG_33_1",67.5,3781,"gas_ccgt"
"GEN_140005_RAJGHATG_33_2",67.5,3781,"gas_ccgt"
"GEN_142003_PRAGATI_BDR_220_G1",104.6,4420,"gas_ccgt"
"GEN_142007_PRAGATI_MND_220_G2",104.6,4420,"gas_ccgt"
"GEN_142007_PRAGATI_MND_220_S1",121.2,4420,"gas_ccgt"
"GEN_144000_BAWANA-G_400_G1",216,3080,"gas_ccgt"
"GEN_144000_BAWANA-G_400_G2",216,3080,"gas_ccgt"
"GEN_144000_BAWANA-G_400_G3",250,3080,"gas_ccgt"
"GEN_144000_BAWANA-G_400_G4",250,3080,"gas_ccgt"
"GEN_144000_BAWANA-G_400_S1",250,3080,"gas_ccgt"
"GEN_144000_BAWANA-G_400_S2",250,3080,"gas_ccgt"
"GEN_152103_DADRI_G2_220_G1",130.19,4170,"gas_ccgt"
"GEN_152103_DADRI_G2_220_G2",130.19,4170,"gas_ccgt"
"GEN_152103_DADRI_G2_220_G3",130.19,4170,"gas_ccgt"
"GEN_152103_DADRI_G2_220_G4",130.19,4170,"gas_ccgt"
"GEN_152103_DADRI_G2_220_S1",154.51,4170,"gas_ccgt"
"GEN_152103_DADRI_G2_220_S2",154.51,4170,"gas_ccgt"
"GEN_154060_AURYA2_220_G1",111.19,4360,"gas_ccgt"
"GEN_154060_AURYA2_220_G2",111.19,4360,"gas_ccgt"
"GEN_154060_AURYA2_220_G3",111.19,4360,"gas_ccgt"
"GEN_154060_AURYA2_220_G4",111.19,4360,"gas_ccgt"
"GEN_154060_AURYA2_220_S1",109.3,4360,"gas_ccgt"
"GEN_154060_AURYA2_220_S2",109.3,4360,"gas_ccgt"
"GEN_181027_PAMPORE1_132_1",25,15000,"gas_ccgt"
"GEN_181027_PAMPORE1_132_2",25,15000,"gas_ccgt"
"GEN_181027_PAMPORE1_132_3",25,15000,"gas_ccgt"
"GEN_181027_PAMPORE1_132_4",25,15000,"gas_ccgt"
"GEN_181027_PAMPORE1_132_5",25,15000,"gas_ccgt"
"GEN_181027_PAMPORE1_132_6",25,15000,"gas_ccgt"
"GEN_181027_PAMPORE1_132_7",25,15000,"gas_ccgt"
"GEN_312132_KAWAS2_220_G1",106,3600,"gas_ccgt"
"GEN_312132_KAWAS2_220_G2",106,3600,"gas_ccgt"
"GEN_312132_KAWAS2_220_G3",106,3600,"gas_ccgt"
"GEN_312132_KAWAS2_220_G4",116,3600,"gas_ccgt"
"GEN_312132_KAWAS2_220_S1",106,3600,"gas_ccgt"
"GEN_312132_KAWAS2_220_S2",116,3600,"gas_ccgt"
"GEN_312133_GANCS2_220_G1",167,5500,"gas_ccgt"
"GEN_312133_GANCS2_220_G2",167,5500,"gas_ccgt"
"GEN_312133_GANCS2_220_G3",167,5500,"gas_ccgt"
"GEN_312133_GANCS2_220_ST",236.9,5500,"gas_ccgt"
"GEN_412022_VIJESM-I_220_1",33,3819.08362810132,"gas_ccgt"
"GEN_412022_VIJESM-I_220_2",33,3819.08362810132,"gas_ccgt"
"GEN_412022_VIJESM-I_220_3",34,3819.08362810132,"gas_ccgt"
"GEN_412041_JEGRUADU_220_1",45.8,2620,"gas_ccgt"
"GEN_412041_JEGRUADU_220_2",45.8,2620,"gas_ccgt"
"GEN_412041_JEGRUADU_220_3",48.9,2620,"gas_ccgt"
"GEN_412041_JEGRUADU_220_4",75.5,2620,"gas_ccgt"
"GEN_412042_SPECTRUM_220_1",46.8,2761.5625,"gas_ccgt"
"GEN_412042_SPECTRUM_220_2",46.1,2761.5625,"gas_ccgt"
"GEN_412042_SPECTRUM_220_3",46.1,2761.5625,"gas_ccgt"
"GEN_412042_SPECTRUM_220_4",68.8,2761.5625,"gas_ccgt"
"GEN_412045_VIJHE-II_220_1",112.5,3819.08362810132,"gas_ccgt"
"GEN_412045_VIJHE-II_220_2",59.5,3819.08362810132,"gas_ccgt"
"GEN_412049_KONAPGS_220_1",115,3819.08362810132,"gas_ccgt"
"GEN_412049_KONAPGS_220_2",115,3819.08362810132,"gas_ccgt"
"GEN_412049_KONAPGS_220_3",125,3819.08362810132,"gas_ccgt"
"GEN_412057_RELIANCE_220_1",140,5450,"gas_ccgt"
"GEN_412057_RELIANCE_220_2",80,5450,"gas_ccgt"
"GEN_412071_GMRBORGE_220_1",237,3819.08362810132,"gas_ccgt"
"GEN_412072_VSP_220_1",286.5,3819.08362810132,"gas_ccgt"
"GEN_414015_GMR_400_1",233,5280,"gas_ccgt"
"GEN_414015_GMR_400_2",137,5280,"gas_ccgt"
"GEN_414016_GAUTAMI_400_1",145,6580,"gas_ccgt"
"GEN_414016_GAUTAMI_400_2",145,6580,"gas_ccgt"
"GEN_414016_GAUTAMI_400_3",174,6580,"gas_ccgt"
"GEN_414017_KONSEEMA_400_1",146,3819.08362810132,"gas_ccgt"
"GEN_414017_KONSEEMA_400_2",140,3819.08362810132,"gas_ccgt"
"GEN_414017_KONSEEMA_400_3",165,3819.08362810132,"gas_ccgt"
"GEN_414018_GVK-II_400_1",145,2635.21126760563,"gas_ccgt"
"GEN_414018_GVK-II_400_2",75,2635.21126760563,"gas_ccgt"
"GEN_414019_LANCO_400_1",233,2282.95819935691,"gas_ccgt"
"GEN_414019_LANCO_400_2",133,2282.95819935691,"gas_ccgt"
"GEN_441057_LNCO_TAJ_110_1",74.4,2347.46,"gas_ccgt"
"GEN_441057_LNCO_TAJ_110_2",38.8,2347.46,"gas_ccgt"
"GEN_441059_PINR_EL1_110_1",85,2809.16,"gas_ccgt"
"GEN_441060_PINR_EL2_110_1",56.6,2809.16,"gas_ccgt"
"GEN_441081_KKGTP_110_1",70,2600,"gas_ccgt"
"GEN_441081_KKGTP_110_2",37.88,2600,"gas_ccgt"
"GEN_441181_KUTGTP_110_1",64,2600,"gas_ccgt"
"GEN_441181_KUTGTP_110_2",37,2600,"gas_ccgt"
"GEN_442062_PPNALUR2_230_1",330,8540,"gas_ccgt"
"GEN_451115_KPCL_110_1",7.3,7000,"gas_ccgt"
"GEN_451115_KPCL_110_2",7.3,7000,"gas_ccgt"
"GEN_451115_KPCL_110_3",7.3,7000,"gas_ccgt"
"GEN_521059_NTPS1_132_5",24,3540,"gas_ccgt"
"GEN_522014_AGBPP2_220_1",35.68,4160,"gas_ccgt"
"GEN_522014_AGBPP2_220_2",35.68,4160,"gas_ccgt"
"GEN_522014_AGBPP2_220_3",35.68,4160,"gas_ccgt"
"GEN_522014_AGBPP2_220_4",35.68,4160,"gas_ccgt"
"GEN_522014_AGBPP2_220_5",36.15,4160,"gas_ccgt"
"GEN_522014_AGBPP2_220_6",36.15,4160,"gas_ccgt"
"GEN_522014_AGBPP2_220_7",30,4160,"gas_ccgt"
"GEN_522014_AGBPP2_220_8",30,4160,"gas_ccgt"
"GEN_522014_AGBPP2_220_9",30,4160,"gas_ccgt"
"GEN_571004_AGTPP1_132_G1",21,4490,"gas_ccgt"
"GEN_571004_AGTPP1_132_G2",21,4490,"gas_ccgt"
"GEN_571004_AGTPP1_132_G3",21,4490,"gas_ccgt"
"GEN_571004_AGTPP1_132_G4",21,4490,"gas_ccgt"
"GEN_571004_AGTPP1_132_S1",25,4490,"gas_ccgt"
"GEN_571004_AGTPP1_132_S2",25,4490,"gas_ccgt"
"GEN_574001_PALATAN4_400_G1",233,3060,"gas_ccgt"
"GEN_574001_PALATAN4_400_G2",233,3060,"gas_ccgt"
"GEN_574001_PALATAN4_400_S1",130,3060,"gas_ccgt"
"GEN_574001_PALATAN4_400_S2",130,3060,"gas_ccgt"
"GEN_311023_AECOM1_132_F",110,4062.91666666667,"gas_ccgt"
"GEN_311023_AECOM1_132_G1",32.5,4062.91666666667,"gas_ccgt"
"GEN_311023_AECOM1_132_G2",32.5,4062.91666666667,"gas_ccgt"
"GEN_311023_AECOM1_132_S1",35,4062.91666666667,"gas_ccgt"
"GEN_311024_GIPCL1_132_G1",32,4000,"gas_ccgt"
"GEN_311024_GIPCL1_132_G2",32,4000,"gas_ccgt"
"GEN_311024_GIPCL1_132_G3",32,4000,"gas_ccgt"
"GEN_311024_GIPCL1_132_G4",49,4000,"gas_ccgt"
"GEN_311024_GIPCL1_132_S1",106,4000,"gas_ccgt"
"GEN_311024_GIPCL1_132_S2",54,4000,"gas_ccgt"
"GEN_312029_UTRAN2_220_G1",33,2750,"gas_ccgt"
"GEN_312029_UTRAN2_220_G2",33,2750,"gas_ccgt"
"GEN_312029_UTRAN2_220_G3",33,2750,"gas_ccgt"
"GEN_312029_UTRAN2_220_G4",239,2750,"gas_ccgt"
"GEN_312029_UTRAN2_220_S1",45,2750,"gas_ccgt"
"GEN_312029_UTRAN2_220_S2",153,2750,"gas_ccgt"
"GEN_312036_GPEC2_220_G1",138,5500,"gas_ccgt"
"GEN_312036_GPEC2_220_G2",138,5500,"gas_ccgt"
"GEN_312036_GPEC2_220_G3",138,5500,"gas_ccgt"
"GEN_312036_GPEC2_220_S1",241,5500,"gas_ccgt"
"GEN_312076_GSEG_220_G1",52,2360,"gas_ccgt"
"GEN_312076_GSEG_220_G2",52,2360,"gas_ccgt"
"GEN_312076_GSEG_220_ST",52.1,2360,"gas_ccgt"
"GEN_312078_GACL_220_1",34.65,4062.91666666667,"gas_ccgt"
"GEN_312078_GACL_220_2",34.65,4062.91666666667,"gas_ccgt"
"GEN_312078_GACL_220_ST",32.55,4062.91666666667,"gas_ccgt"
"GEN_312125_HAZR-EXT_220_GT",350,2250,"gas_ccgt"
"GEN_312126_PIPAVAV_220_1",350,4062.91666666667,"gas_ccgt"
"GEN_312129_BHANDER_220_1",105,4062.91666666667,"gas_ccgt"
"GEN_312129_BHANDER_220_2",105,4062.91666666667,"gas_ccgt"
"GEN_312129_BHANDER_220_3",105,4062.91666666667,"gas_ccgt"
"GEN_314010_SUGEN_400_G1",380,6420,"gas_ccgt"
"GEN_314010_SUGEN_400_G2",380,6420,"gas_ccgt"
"GEN_314010_SUGEN_400_G3",380,6420,"gas_ccgt"
"GEN_314029_SUGEN-UN_400_4",380,6420,"gas_ccgt"
"GEN_314030_DGEN_400_1",380,4062.91666666667,"gas_ccgt"
"GEN_314030_DGEN_400_2",380,4062.91666666667,"gas_ccgt"
"GEN_314030_DGEN_400_3",380,4062.91666666667,"gas_ccgt"
"GEN_332005_URAN2_220_5",108,2520,"gas_ccgt"
"GEN_332005_URAN2_220_6",108,2520,"gas_ccgt"
"GEN_332005_URAN2_220_7",108,2520,"gas_ccgt"
"GEN_332005_URAN2_220_8",108,2520,"gas_ccgt"
"GEN_332005_URAN2_220_W1",120,2520,"gas_ccgt"
"GEN_332005_URAN2_220_W2",120,2520,"gas_ccgt"
"GEN_334044_RGPPL_400_1",640,2520,"gas_ccgt"
"GEN_334044_RGPPL_400_2",663.54,2520,"gas_ccgt"
"GEN_334044_RGPPL_400_3",663.54,2520,"gas_ccgt"
"GEN_334044_RGPPL_400_4",235,2520,"gas_ccgt"
"GEN_312044_ESSAR2_220_G1",110,4253.3692722372,"gas_ccgt"
"GEN_312044_ESSAR2_220_G2",110,4253.3692722372,"gas_ccgt"
"GEN_312044_ESSAR2_220_G3",110,4253.3692722372,"gas_ccgt"
"GEN_312044_ESSAR2_220_ST",185,4253.3692722372,"gas_ccgt"
"GEN_451017_BSES1_110_1",35.5,2943.39622641509,"gas_ccgt"
"GEN_451017_BSES1_110_2",40.5,2943.39622641509,"gas_ccgt"
"GEN_451017_BSES1_110_3",40.5,2943.39622641509,"gas_ccgt"
"GEN_451017_BSES1_110_4",40.5,2943.39622641509,"gas_ccgt"
"GEN_452010_KAYMKLM_220_1",126.7,6000,"gas_ccgt"
"GEN_452010_KAYMKLM_220_2",126.7,6000,"gas_ccgt"
"GEN_452010_KAYMKLM_220_3",144.5,6000,"gas_ccgt"
"GEN_151237_KHAMBAKH_132_1",45,4710,"other"
"GEN_151237_KHAMBAKH_132_2",45,4710,"other"
"GEN_151254_UTRAULA_132_1",45,4710,"other"
"GEN_151254_UTRAULA_132_2",45,4710,"other"
"GEN_151290_MAQSUDPR_132_1",45,4710,"other"
"GEN_151290_MAQSUDPR_132_2",45,4710,"other"
"GEN_151293_BARKHER_132_1",45,4710,"other"
"GEN_151293_BARKHER_132_2",45,4710,"other"
"GEN_151295_KUNDARK_132_1",45,4710,"other"
"GEN_151295_KUNDARK_132_2",45,4710,"other"
"GEN_151325_AKBCHIN_132_1",13,4900,"other"
"GEN_151326_BALRCHIN_132_1",25,4900,"other"
"GEN_151327_DCM01_132_1",20,4900,"other"
"GEN_151328_HAIDER01_132_1",20.25,4900,"other"
"GEN_151329_LHSUGAR0_132_1",22,4900,"other"
"GEN_151330_MANCHIN_132_1",25,4900,"other"
"GEN_151331_RAUCHIN_132_1",25,4900,"other"
"GEN_151332_TRIVEN01_132_1",20,4900,"other"
"GEN_151333_TRIVEN02_132_1",25,4900,"other"
"GEN_151334_KUMBH_132_1",13,4900,"other"
"GEN_151335_GULARI01_132_1",21.2,4900,"other"
"GEN_151336_JKSUGAR_132_1",13,4900,"other"
"GEN_151337_MAWANA01_132_1",20,4900,"other"
"GEN_151338_MAWANA02_132_1",13,4900,"other"
"GEN_151339_MAWANA03_132_1",13,4900,"other"
"GEN_151340_SBECBIO_132_1",12.45,4900,"other"
"GEN_151341_SIMBHO01_132_1",20,4900,"other"
"GEN_151342_SIMBHO02_132_1",20,4900,"other"
"GEN_151344_OUDH_132_1",10,4900,"other"
"GEN_151345_DALMI01_132_1",26,4900,"other"
"GEN_151346_DALMI02_132_1",26.15,4900,"other"
"GEN_151347_DALMI03_132_1",25,4900,"other"
"GEN_151348_KMSAGA_132_1",20,4900,"other"
"GEN_151349_DWARIK01_132_1",25,4900,"other"
"GEN_151350_DWARIK02_132_1",25,4900,"other"
"GEN_151351_SUKHBI_132_1",15,4900,"other"
"GEN_151352_BAJAJ02_132_1",13,4900,"other"
"GEN_151353_BAJAJ03_132_1",10,4900,"other"
"GEN_151354_BAJAJ04_132_1",10,4900,"other"
"GEN_151356_BAJAJ06_132_1",20,4900,"other"
"GEN_151357_BAJAJ07_132_1",13,4900,"other"
"GEN_151358_BAJAJ08_132_1",10,4900,"other"
"GEN_151359_BAJAJ09_132_1",13,4900,"other"
"GEN_151360_BAJAJ10_132_1",13,4900,"other"
"GEN_151361_DCM02_132_1",13,4900,"other"
"GEN_151362_DCM03_132_1",13,4900,"other"
"GEN_151363_UTTAM01_132_1",13,4900,"other"
"GEN_151364_UTTAM02_132_1",10,4900,"other"
"GEN_151365_DHAMPU01_132_1",25,4900,"other"
"GEN_151366_DHAMPU02_132_1",25,4900,"other"
"GEN_151367_DHAMPU03_132_1",20,4900,"other"
"GEN_151368_UPPERG_132_1",25.3,4900,"other"
"GEN_151369_CHADA_132_1",25,4900,"other"
"GEN_151370_DAURAL_132_1",20,4900,"other"
"GEN_151371_PARLE01_132_1",10,4900,"other"
"GEN_151372_NEWIND_132_1",20,4900,"other"
"GEN_151373_PARLE02_132_1",8.23,4900,"other"
"GEN_151374_LHSUGAR0_132_1",6,4900,"other"
"GEN_151375_GULARI02_132_1",10,4900,"other"
"GEN_151376_HAIDER02_132_1",3,4900,"other"
"GEN_151377_DCM04_132_1",7.5,4900,"other"
"GEN_351044_BAGRANG_132_1",16,4868.85245901639,"other"
"GEN_351057_MAHA-CL_132_1",10.8,4868.85245901639,"other"
"GEN_351085_JAGDMBA_132_1",25,4868.85245901639,"other"
"GEN_351086_GODVRI-P_132_1",55,4868.85245901639,"other"
"GEN_351088_NAKODA_132_1",18,4868.85245901639,"other"
"GEN_351089_SHARD-EN_132_1",62,4868.85245901639,"other"
"GEN_351092_HIRA-PL_132_1",20,4868.85245901639,"other"
"GEN_351092_HIRA-PL_132_2",8,4868.85245901639,"other"
"GEN_351092_HIRA-PL_132_3",20,4868.85245901639,"other"
"GEN_351093_BAJRNG-P_132_1",26,4868.85245901639,"other"
"GEN_351096_CSPL_132_1",30,4868.85245901639,"other"
"GEN_351097_PIL_132_1",65,4868.85245901639,"other"
"GEN_351103_MSP-STL_132_1",24,4868.85245901639,"other"
"GEN_351105_RL-I-LTD_132_1",12,4868.85245901639,"other"
"GEN_351114_SALASAR_132_1",70,4868.85245901639,"other"
"GEN_351115_SV-POWER_132_1",15,4868.85245901639,"other"
"GEN_411061_NELORION_132_1",0,5450,"gas_ct"
"GEN_411115_BHARAARD_132_1",83.9,5450,"gas_ct"
"GEN_411151_SRI-IES_132_1",31,5450,"gas_ct"
"GEN_411154_GBRPOANT_132_1",20,5450,"gas_ct"
"GEN_411160_VATSASA_132_1",17,5450,"gas_ct"
"GEN_411185_NCS_132_1",20,5450,"gas_ct"
"GEN_411196_CLARION_132_1",12,5450,"gas_ct"
"GEN_411222_RCL_132_1",45,5450,"gas_ct"
"GEN_412093_SRIBA_220_1",120,5450,"gas_ct"
"GEN_431245_MALIPURA_110_1",9,1328,"gas_ct"
"GEN_441061_ARORAN1_110_1",18.68,5050,"gas_ct"
"GEN_441062_ARUNAC1_110_1",19,5050,"gas_ct"
"GEN_441063_AURO1_110_1",16,5050,"gas_ct"
"GEN_441064_AURBIN1_110_1",15,5050,"gas_ct"
"GEN_441070_COROMN1_110_1",26.19,5050,"gas_ct"
"GEN_441100_PARSON1_110_1",30,5050,"gas_ct"
"GEN_441104_RAJSRE11_110_1",20,5050,"gas_ct"
"GEN_441105_RAJSRE21_110_1",15,5050,"gas_ct"
"GEN_441106_SAHELI1_110_1",8.81,5050,"gas_ct"
"GEN_441120_VGTPP1_110_1",60,2340,"gas_ct"
"GEN_441120_VGTPP1_110_2",35,2340,"gas_ct"
"GEN_441120_VGTPP1_110_3",60,2340,"gas_ct"
"GEN_441120_VGTPP1_110_4",32,2340,"gas_ct"
"GEN_441125_CPCL1_110_1",5,5050,"gas_ct"
"GEN_441127_MMSTEEL_110_1",19,5050,"gas_ct"
"GEN_441128_KAVERI_110_1",6.79,3500,"gas_ct"
"GEN_441129_SAIGENCY_110_1",58,5050,"gas_ct"
"GEN_441136_DARAOLUR_110_1",10,6126.08695652174,"gas_ct"
"GEN_441161_BBGTPP1_110_1",30,15110,"gas_ct"
"GEN_441161_BBGTPP1_110_2",30,15110,"gas_ct"
"GEN_441161_BBGTPP1_110_3",30,15110,"gas_ct"
"GEN_441161_BBGTPP1_110_4",30,15110,"gas_ct"
"GEN_441220_KZTR_110_1",25,6126.08695652174,"gas_ct"
"GEN_441221_ARKAY1_110_1",60,3500,"gas_ct"
"GEN_441221_ARKAY1_110_2",60,3500,"gas_ct"
"GEN_521041_PALAPOL1_132_1",5.3,5055.00894133382,"gas_ct"
"GEN_521058_LTPS1_132_1",15,3770,"gas_ct"
"GEN_521058_LTPS1_132_2",15,3770,"gas_ct"
"GEN_521058_LTPS1_132_3",15,3770,"gas_ct"
"GEN_521058_LTPS1_132_4",15,4822.7616191904,"gas_ct"
"GEN_521058_LTPS1_132_5",20,3770,"gas_ct"
"GEN_521058_LTPS1_132_6",20,3770,"gas_ct"
"GEN_521058_LTPS1_132_7",20,3770,"gas_ct"
"GEN_521059_NTPS1_132_1",20,3540,"gas_ct"
"GEN_521059_NTPS1_132_2",21,3540,"gas_ct"
"GEN_521059_NTPS1_132_3",21,3540,"gas_ct"
"GEN_521059_NTPS1_132_4",11,3540,"gas_ct"
"GEN_521059_NTPS1_132_6",22,3540,"gas_ct"
"GEN_570012_ROKHIA6_66_1",22,2880,"gas_ct"
"GEN_570012_ROKHIA6_66_2",22,2880,"gas_ct"
"GEN_570012_ROKHIA6_66_3",22,2880,"gas_ct"
"GEN_570013_BARAMRA6_66_1",21,2700,"gas_ct"
"GEN_570013_BARAMRA6_66_2",21,2700,"gas_ct"
"GEN_571002_MONARCHK1_132_GT",65,4250,"gas_ct"
"GEN_571006_ROKHIA1_132_1",22,2880,"gas_ct"
"GEN_571006_ROKHIA1_132_2",22,2880,"gas_ct"
"GEN_571006_ROKHIA1_132_3",22,2880,"gas_ct"
"GEN_571009_BARMURA1_132_1",21,2700,"gas_ct"
"GEN_571009_BARMURA1_132_2",21,2700,"gas_ct"
"GEN_351014_SILTARA_132_1",14,5055.00894133382,"diesel"
"GEN_351034_KVK_132_1",15,5055.00894133382,"diesel"
"GEN_351087_VANDANA_132_1",41,5055.00894133382,"diesel"
"GEN_352006_SILTARA_220_1",30,5055.00894133382,"diesel"
"GEN_411161_LVSPOECT_132_1",36,5422.01299383835,"diesel"
"GEN_412096_LVS_220_1",37,5422.01299383835,"diesel"
"GEN_431084_CORESUG_110_1",24,1200,"diesel"
"GEN_431107_GEMSUG_110_1",16.5,4968.75,"diesel"
"GEN_431113_GMRSUG_110_1",5,4968.75,"diesel"
"GEN_431162_INDSUG_110_1",9,4968.75,"diesel"
"GEN_431164_JMKHNSUG_110_1",17.5,4968.75,"diesel"
"GEN_431165_JANAKI_110_1",15,4968.75,"diesel"
"GEN_431172_KSUGARS_110_1",18,4968.75,"diesel"
"GEN_431214_KONAJE_110_1",25,4968.75,"diesel"
"GEN_431264_MGSSK_110_1",13,4968.75,"diesel"
"GEN_431288_NNDISUG_110_1",18.1,4968.75,"diesel"
"GEN_431303_NPC_110_1",12,4968.75,"diesel"
"GEN_431304_NCLSUGR_110_1",34,4968.75,"diesel"
"GEN_431305_NSSK_110_1",8,4968.75,"diesel"
"GEN_431323_RNKASUGR_110_1",25.5,4968.75,"diesel"
"GEN_431324_RNKSUGR2_110_1",38,4968.75,"diesel"
"GEN_431326_ROYALSEMA_110_1",12.35,4968.75,"diesel"
"GEN_431326_ROYALSEMA_110_2",12.35,4968.75,"diesel"
"GEN_431326_ROYALSEMA_110_3",12.35,4968.75,"diesel"
"GEN_431327_SDSHVSUG_110_1",15.5,4968.75,"diesel"
"GEN_431374_SGNANSWR_110_1",13.5,4968.75,"diesel"
"GEN_431397_UGARSUGR_110_1",44,4968.75,"diesel"
"GEN_431397_UGARSUGR_110_2",15.5,4968.75,"diesel"
"GEN_431408_VSPL_110_1",32,4968.75,"diesel"
"GEN_431440_DOODGNGA_110_1",24,4968.75,"diesel"
"GEN_431450_HEERSUGR_110_1",46.25,4968.75,"diesel"
"GEN_431456_ICPL_110_1",28,4968.75,"diesel"
"GEN_431483_NRNSUGRS_110_1",42,4968.75,"diesel"
"GEN_431497_SHVSKTH_110_1",12,4968.75,"diesel"
"GEN_431514_VENKTSUGR_110_1",10,5450,"diesel"
"GEN_431519_NSLSUGAR_110_1",25.31,5800,"diesel"
"GEN_431551_TATA_110_1",16.26,5460,"diesel"
"GEN_431551_TATA_110_2",16.26,5460,"diesel"
"GEN_431551_TATA_110_3",16.26,5460,"diesel"
"GEN_431551_TATA_110_4",16.26,5460,"diesel"
"GEN_431551_TATA_110_5",16.26,5460,"diesel"
"GEN_431554_PRBLGSWR_110_1",38.4,4968.75,"diesel"
"GEN_431556_VSWNTSGR_110_1",37,4968.75,"diesel"
"GEN_432126_YLNKA_220_1",120,4968.75,"diesel"
"GEN_441065_BANARA1_110_1",28.8,5050,"diesel"
"GEN_441071_DANALKM1_110_1",25,5050,"diesel"
"GEN_441072_DHARAN1_110_1",22,5050,"diesel"
"GEN_441073_EIDPAR1_110_1",18,5050,"diesel"
"GEN_441074_EIDPUDK_110_1",18,5050,"diesel"
"GEN_441075_EIDPUGL_110_1",22,5050,"diesel"
"GEN_441076_EMPEE1_110_1",50,5050,"diesel"
"GEN_441079_INDBAR1_110_1",20,5050,"diesel"
"GEN_441084_KOTHAR1_110_1",20,5050,"diesel"
"GEN_441085_KOTHAR21_110_2",25,5050,"diesel"
"GEN_441094_MCL1_110_1",36,5050,"diesel"
"GEN_441102_PRATHYU1_110_1",10,5050,"diesel"
"GEN_441109_SAMLPATI_110_1",15.1,5329.33,"diesel"
"GEN_441109_SAMLPATI_110_2",15.1,5329.33,"diesel"
"GEN_441109_SAMLPATI_110_3",15.1,5329.33,"diesel"
"GEN_441109_SAMLPATI_110_4",15.1,5329.33,"diesel"
"GEN_441109_SAMLPATI_110_5",15.1,5329.33,"diesel"
"GEN_441109_SAMLPATI_110_6",15.1,5329.33,"diesel"
"GEN_441109_SAMLPATI_110_7",15.1,5329.33,"diesel"
"GEN_441110_MPCL_110_1",15.14,5402.9,"diesel"
"GEN_441110_MPCL_110_2",15.14,5402.9,"diesel"
"GEN_441110_MPCL_110_3",15.14,5402.9,"diesel"
"GEN_441110_MPCL_110_4",15.14,5402.9,"diesel"
"GEN_441110_MPCL_110_5",15.14,5402.9,"diesel"
"GEN_441110_MPCL_110_6",15.14,5402.9,"diesel"
"GEN_441110_MPCL_110_7",15.14,5402.9,"diesel"
"GEN_441115_SUPRM1_110_1",40,5050,"diesel"
"GEN_441115_SUPRM1_110_2",20.01,5050,"diesel"
"GEN_441117_SVSUGAR1_110_1",30,5050,"diesel"
"GEN_441130_DCWCORIN_110_1",86,5050,"diesel"
"GEN_441131_DARI-VPM_110_1",25,5050,"diesel"
"GEN_441165_GMRVASA1_110_1",49,5192.76161290323,"diesel"
"GEN_441165_GMRVASA1_110_2",49,5192.76161290323,"diesel"
"GEN_441165_GMRVASA1_110_3",49,5192.76161290323,"diesel"
"GEN_441165_GMRVASA1_110_4",49,5192.76161290323,"diesel"
"GEN_451015_BDPP_110_1",21.32,7000,"diesel"
"GEN_451015_BDPP_110_2",21.32,7000,"diesel"
"GEN_451015_BDPP_110_3",21.32,7000,"diesel"
"GEN_451015_BDPP_110_4",21.32,7000,"diesel"
"GEN_451015_BDPP_110_5",21.32,7000,"diesel"
"GEN_451120_KDPP_110_1",16,7000,"diesel"
"GEN_451120_KDPP_110_2",16,7000,"diesel"
"GEN_451120_KDPP_110_3",16,7000,"diesel"
"GEN_451120_KDPP_110_4",16,7000,"diesel"
"GEN_451120_KDPP_110_5",16,7000,"diesel"
"GEN_451120_KDPP_110_6",16,7000,"diesel"
"GEN_451120_KDPP_110_7",16,7000,"diesel"
"GEN_451120_KDPP_110_8",16,7000,"diesel"
"GEN_112004_LEHRAMOHABBA_220_1",210,3560,"coal"
"GEN_112004_LEHRAMOHABBA_220_2",210,3560,"coal"
"GEN_112004_LEHRAMOHABBA_220_3",250,3560,"coal"
"GEN_112004_LEHRAMOHABBA_220_4",250,3560,"coal"
"GEN_112029_ROPAR_220_1",210,4060,"coal"
"GEN_112029_ROPAR_220_2",210,4060,"coal"
"GEN_112029_ROPAR_220_3",210,4060,"coal"
"GEN_112029_ROPAR_220_4",210,4060,"coal"
"GEN_112029_ROPAR_220_5",210,4060,"coal"
"GEN_112029_ROPAR_220_6",210,4060,"coal"
"GEN_112044_BATHINDA_220_1",110,3700,"coal"
"GEN_112044_BATHINDA_220_2",110,3700,"coal"
"GEN_112044_BATHINDA_220_3",110,3700,"coal"
"GEN_112044_BATHINDA_220_4",110,3700,"coal"
"GEN_112066_GOINDWAL_220_1",270,2530,"coal"
"GEN_112066_GOINDWAL_220_2",270,2530,"coal"
"GEN_122010_PANIPAT_OLD_220_1",110,4040,"coal"
"GEN_122010_PANIPAT_OLD_220_2",110,4040,"coal"
"GEN_122010_PANIPAT_OLD_220_3",110,4040,"coal"
"GEN_122010_PANIPAT_OLD_220_4",110,4040,"coal"
"GEN_122023_PANIPAT_NEW_220_5",210,3200,"coal"
"GEN_122023_PANIPAT_NEW_220_6",210,3200,"coal"
"GEN_122023_PANIPAT_NEW_220_7",250,3120,"coal"
"GEN_122023_PANIPAT_NEW_220_8",250,3120,"coal"
"GEN_122029_YAMUNA2_220_1",300,2670,"coal"
"GEN_122029_YAMUNA2_220_2",300,2670,"coal"
"GEN_122080_BALLABGARH_220_1",55,2614.67139567317,"coal"
"GEN_122080_BALLABGARH_220_2",55,2614.67139567317,"coal"
"GEN_122080_BALLABGARH_220_3",55,2614.67139567317,"coal"
"GEN_124001_KHEDAR_400_1",600,2910,"coal"
"GEN_124001_KHEDAR_400_2",600,2910,"coal"
"GEN_124023_JHAJJAR4_400_1",500,4390,"coal"
"GEN_124023_JHAJJAR4_400_2",500,4390,"coal"
"GEN_124023_JHAJJAR4_400_3",500,4390,"coal"
"GEN_132019_GIRALTPS_220_1",125,1202,"coal"
"GEN_132019_GIRALTPS_220_2",125,1202,"coal"
"GEN_132042_BARSINGS_220_1",125,770,"coal"
"GEN_132042_BARSINGS_220_2",125,770,"coal"
"GEN_132057_SURATH-2_220_1",250,3580,"coal"
"GEN_132057_SURATH-2_220_2",250,3580,"coal"
"GEN_132061_KTPS_220_1",110,3270,"coal"
"GEN_132061_KTPS_220_2",110,3270,"coal"
"GEN_132061_KTPS_220_3",210,3270,"coal"
"GEN_132061_KTPS_220_4",210,3270,"coal"
"GEN_132061_KTPS_220_5",210,3270,"coal"
"GEN_132061_KTPS_220_6",195,3270,"coal"
"GEN_132061_KTPS_220_7",195,3270,"coal"
"GEN_132077_RAJWEST_220_7",135,1680,"coal"
"GEN_132077_RAJWEST_220_8",135,1680,"coal"
"GEN_132120_VSLP_220_1",135,3710,"coal"
"GEN_134007_CHABRA-4_400_1",250,2180,"coal"
"GEN_134007_CHABRA-4_400_2",250,2180,"coal"
"GEN_134007_CHABRA-4_400_3",250,2180,"coal"
"GEN_134007_CHABRA-4_400_4",250,2180,"coal"
"GEN_134008_KALISI-4_400_1",600,2270,"coal"
"GEN_134008_KALISI-4_400_2",600,2270,"coal"
"GEN_134009_RAJWEST_400_1",135,1680,"coal"
"GEN_134009_RAJWEST_400_2",135,1680,"coal"
"GEN_134009_RAJWEST_400_3",135,1680,"coal"
"GEN_134009_RAJWEST_400_4",135,1680,"coal"
"GEN_134009_RAJWEST_400_5",135,1680,"coal"
"GEN_134009_RAJWEST_400_6",135,1680,"coal"
"GEN_134018_SURATG-4_400_3",250,3580,"coal"
"GEN_134018_SURATG-4_400_4",250,3580,"coal"
"GEN_134018_SURATG-4_400_5",250,3580,"coal"
"GEN_134018_SURATG-4_400_6",250,3580,"coal"
"GEN_134031_SHRECEM_400_1",150,3710,"coal"
"GEN_134031_SHRECEM_400_2",150,3710,"coal"
"GEN_142045_BADARPR2_220_1",95,4420,"coal"
"GEN_142045_BADARPR2_220_2",95,4420,"coal"
"GEN_142045_BADARPR2_220_3",95,4420,"coal"
"GEN_142045_BADARPR2_220_4",210,4420,"coal"
"GEN_142045_BADARPR2_220_5",210,4420,"coal"
"GEN_152021_ROSA-TP1_220_1",300,4330,"coal"
"GEN_152021_ROSA-TP1_220_2",300,4330,"coal"
"GEN_152047_HARDUGN2_220_5",60,5100,"coal"
"GEN_152047_HARDUGN2_220_7",105,5100,"coal"
"GEN_152047_HARDUGN2_220_8",250,3440,"coal"
"GEN_152047_HARDUGN2_220_9",250,3440,"coal"
"GEN_152053_PARICHA2_220_1",110,3910,"coal"
"GEN_152053_PARICHA2_220_2",110,3910,"coal"
"GEN_152053_PARICHA2_220_3",210,3330,"coal"
"GEN_152053_PARICHA2_220_4",210,3330,"coal"
"GEN_152055_PANKI2_220_1",110,4360,"coal"
"GEN_152055_PANKI2_220_2",110,4360,"coal"
"GEN_152061_OBRA2_220_1",94,2430,"coal"
"GEN_152061_OBRA2_220_2",94,2430,"coal"
"GEN_152061_OBRA2_220_3",50,2430,"coal"
"GEN_152061_OBRA2_220_4",50,2430,"coal"
"GEN_152073_TANDA2_220_1",110,3520,"coal"
"GEN_152073_TANDA2_220_2",110,3520,"coal"
"GEN_152073_TANDA2_220_3",110,3520,"coal"
"GEN_152073_TANDA2_220_4",110,3520,"coal"
"GEN_152104_DADRI_TH_220_1",210,4150,"coal"
"GEN_152104_DADRI_TH_220_2",210,4150,"coal"
"GEN_152104_DADRI_TH_220_3",210,4150,"coal"
"GEN_152104_DADRI_TH_220_4",210,4150,"coal"
"GEN_152104_DADRI_TH_220_SW",210,4150,"coal"
"GEN_154005_PARICHHA_400_5",250,3230,"coal"
"GEN_154005_PARICHHA_400_6",250,3230,"coal"
"GEN_154014_ANPARA4_400_1",210,1910,"coal"
"GEN_154014_ANPARA4_400_2",210,1910,"coal"
"GEN_154014_ANPARA4_400_3",210,1910,"coal"
"GEN_154014_ANPARA4_400_4",500,1830,"coal"
"GEN_154014_ANPARA4_400_5",500,1830,"coal"
"GEN_154017_ROSA-TP2_400_3",300,4330,"coal"
"GEN_154017_ROSA-TP2_400_4",300,4330,"coal"
"GEN_154018_OBRA4_400_5",200,2520,"coal"
"GEN_154018_OBRA4_400_6",200,2520,"coal"
"GEN_154018_OBRA4_400_7",200,2520,"coal"
"GEN_154018_OBRA4_400_8",200,2520,"coal"
"GEN_154018_OBRA4_400_9",200,2520,"coal"
"GEN_154056_SINGRL4_400_1",200,1320,"coal"
"GEN_154056_SINGRL4_400_2",200,1320,"coal"
"GEN_154056_SINGRL4_400_3",200,1320,"coal"
"GEN_154056_SINGRL4_400_4",200,1320,"coal"
"GEN_154056_SINGRL4_400_5",200,1320,"coal"
"GEN_154056_SINGRL4_400_6",500,1320,"coal"
"GEN_154056_SINGRL4_400_7",500,1320,"coal"
"GEN_154057_RIHAND-G_400_1",500,1760,"coal"
"GEN_154057_RIHAND-G_400_2",500,1760,"coal"
"GEN_154057_RIHAND-G_400_3",500,1790,"coal"
"GEN_154057_RIHAND-G_400_4",500,1790,"coal"
"GEN_154057_RIHAND-G_400_5",500,1820,"coal"
"GEN_154057_RIHAND-G_400_6",500,1820,"coal"
"GEN_154058_UNCHAHR2_220_1",210,2910,"coal"
"GEN_154058_UNCHAHR2_220_2",210,2910,"coal"
"GEN_154058_UNCHAHR2_220_3",210,2860,"coal"
"GEN_154058_UNCHAHR2_220_4",210,2860,"coal"
"GEN_154058_UNCHAHR2_220_5",210,2860,"coal"
"GEN_154061_DADR-NCR_400_5",490,4300,"coal"
"GEN_154061_DADR-NCR_400_6",490,4300,"coal"
"GEN_157000_ANPARAC_765_1",600,1910,"coal"
"GEN_157000_ANPARAC_765_2",600,1910,"coal"
"GEN_157001_ANPARA-D_765_1",600,1790,"coal"
"GEN_157001_ANPARA-D_765_2",600,1790,"coal"
"GEN_211002_BARAUNI_132_1",17,2689.77777777778,"coal"
"GEN_211002_BARAUNI_132_2",17,2689.77777777778,"coal"
"GEN_211002_BARAUNI_132_3",17,2689.77777777778,"coal"
"GEN_211002_BARAUNI_132_4",45,2689.77777777778,"coal"
"GEN_211002_BARAUNI_132_5",45,2689.77777777778,"coal"
"GEN_211002_BARAUNI_132_6",45,2830,"coal"
"GEN_211002_BARAUNI_132_7",45,2830,"coal"
"GEN_212002_MTPS2_220_1",138,2689.77777777778,"coal"
"GEN_212002_MTPS2_220_2",138,2689.77777777778,"coal"
"GEN_214001_KHALGAON4_400_1",185,2810,"coal"
"GEN_214001_KHALGAON4_400_2",185,2810,"coal"
"GEN_214001_KHALGAON4_400_3",185,2810,"coal"
"GEN_214001_KHALGAON4_400_4",185,2810,"coal"
"GEN_214001_KHALGAON4_400_5",525,2436,"coal"
"GEN_214001_KHALGAON4_400_6",525,2436,"coal"
"GEN_214001_KHALGAON4_400_7",525,2436,"coal"
"GEN_222001_PATRTU2_220_5",120,1600,"coal"
"GEN_222001_PATRTU2_220_6",120,1600,"coal"
"GEN_222001_PATRTU2_220_7",138,1600,"coal"
"GEN_222001_PATRTU2_220_8",50,1600,"coal"
"GEN_222001_PATRTU2_220_9",50,1600,"coal"
"GEN_222004_TENGHAT_220_1",210,1257.4,"coal"
"GEN_222004_TENGHAT_220_2",210,1257.4,"coal"
"GEN_224000_CORPORAT_400_1",257,1528.31111111111,"coal"
"GEN_224000_CORPORAT_400_2",257,1528.31111111111,"coal"
"GEN_224001_MPL_400_1",525,2030,"coal"
"GEN_224001_MPL_400_2",525,1660,"coal"
"GEN_224002_ADUNIK_400_1",270,1620,"coal"
"GEN_224002_ADUNIK_400_2",270,1620,"coal"
"GEN_232001_MEJIA2_220_1",210,1260,"coal"
"GEN_232001_MEJIA2_220_2",210,1260,"coal"
"GEN_232001_MEJIA2_220_3",210,1260,"coal"
"GEN_232001_MEJIA2_220_4",210,1260,"coal"
"GEN_232001_MEJIA2_220_5",250,1260,"coal"
"GEN_232001_MEJIA2_220_6",250,1260,"coal"
"GEN_232007_WARIA_GEN_220_1",210,1650,"coal"
"GEN_232007_WARIA_GEN_220_2",150,1650,"coal"
"GEN_234000_RAGHUNAT_400_1",600,4070,"coal"
"GEN_234001_DSTPS_400_1",500,2600,"coal"
"GEN_234001_DSTPS_400_2",500,2700,"coal"
"GEN_234002_MEJIA_400_1",500,1890,"coal"
"GEN_234002_MEJIA_400_2",500,2200,"coal"
"GEN_241001_BOKARO1_132_1",210,1070,"coal"
"GEN_241001_BOKARO1_132_2",65,1070,"coal"
"GEN_241001_BOKARO1_132_3",65,1070,"coal"
"GEN_241001_BOKARO1_132_4",108,1070,"coal"
"GEN_241002_CHNPUR1_132_1",125,1220,"coal"
"GEN_241002_CHNPUR1_132_2",125,1220,"coal"
"GEN_241002_CHNPUR1_132_3",125,1220,"coal"
"GEN_241002_CHNPUR1_132_4",141,1220,"coal"
"GEN_241031_JOJOBE_1_132_1",120,2614.67139567317,"coal"
"GEN_241031_JOJOBE_1_132_2",120,2614.67139567317,"coal"
"GEN_241031_JOJOBE_1_132_3",67.5,2200,"coal"
"GEN_242000_BOKARO2_220_1",210,2025.58899785819,"coal"
"GEN_242000_BOKARO2_220_2",210,2025.58899785819,"coal"
"GEN_242000_BOKARO2_220_3",210,2025.58899785819,"coal"
"GEN_242001_CHNPUR2_220_7",250,1220,"coal"
"GEN_242001_CHNPUR2_220_8",250,1220,"coal"
"GEN_244002_KODERMA4_400_1",500,1830,"coal"
"GEN_244002_KODERMA4_400_2",500,1830,"coal"
"GEN_251010_TALCHER1_132_1",60,1956.57692307692,"coal"
"GEN_251010_TALCHER1_132_2",60,1956.57692307692,"coal"
"GEN_251010_TALCHER1_132_3",60,1956.57692307692,"coal"
"GEN_251010_TALCHER1_132_4",60,1956.57692307692,"coal"
"GEN_251022_ICCL1_132_1",54,2140,"coal"
"GEN_251022_ICCL1_132_2",54,2140,"coal"
"GEN_251065_HINDLCO_132_1",120,2140,"coal"
"GEN_251066_NBVLBSSL_132_1",120,1410,"coal"
"GEN_251066_NBVLBSSL_132_2",120,1410,"coal"
"GEN_252006_TTPS2_220_1",110,1140,"coal"
"GEN_252006_TTPS2_220_2",110,1140,"coal"
"GEN_252011_NALCO2_220_1",120,2140,"coal"
"GEN_252011_NALCO2_220_2",120,2140,"coal"
"GEN_252011_NALCO2_220_3",120,2140,"coal"
"GEN_252011_NALCO2_220_4",120,2140,"coal"
"GEN_252011_NALCO2_220_5",120,2140,"coal"
"GEN_252011_NALCO2_220_6",120,2140,"coal"
"GEN_252011_NALCO2_220_7",120,2140,"coal"
"GEN_252011_NALCO2_220_8",120,2140,"coal"
"GEN_252011_NALCO2_220_9",120,2140,"coal"
"GEN_252015_IBTPS2_220_1",230,3500,"coal"
"GEN_252015_IBTPS2_220_2",230,3500,"coal"
"GEN_252032_BSSL_220_1",120,2140,"coal"
"GEN_252033_JINSTL_220_1",120,2140,"coal"
"GEN_252033_JINSTL_220_2",120,2140,"coal"
"GEN_252034_TSIL_220_1",120,2140,"coal"
"GEN_252036_VEDANT_220_1",120,2330,"coal"
"GEN_252036_VEDANT_220_2",120,2330,"coal"
"GEN_252036_VEDANT_220_3",120,2330,"coal"
"GEN_252036_VEDANT_220_4",120,2330,"coal"
"GEN_252036_VEDANT_220_5",120,1410,"coal"
"GEN_252036_VEDANT_220_6",120,1410,"coal"
"GEN_252036_VEDANT_220_7",120,1410,"coal"
"GEN_254000_GMR_IPP_400_1",350,2750,"coal"
"GEN_254000_GMR_IPP_400_2",350,2750,"coal"
"GEN_254000_GMR_IPP_400_3",350,2750,"coal"
"GEN_254004_STER_OPT_400_2",465,1040,"coal"
"GEN_254006_STERLIT_400_1",600,1040,"coal"
"GEN_254006_STERLIT_400_3",600,1040,"coal"
"GEN_254006_STERLIT_400_4",600,1040,"coal"
"GEN_254008_TSTPP4_400_1",500,1482,"coal"
"GEN_254008_TSTPP4_400_2",500,1482,"coal"
"GEN_254013_JSPL_400_1",120,2140,"coal"
"GEN_254013_JSPL_400_2",120,2140,"coal"
"GEN_254013_JSPL_400_3",120,2140,"coal"
"GEN_254013_JSPL_400_4",120,2140,"coal"
"GEN_254013_JSPL_400_5",120,2140,"coal"
"GEN_254013_JSPL_400_6",120,2140,"coal"
"GEN_254013_JSPL_400_7",120,2140,"coal"
"GEN_254021_JITPL_400_1",660,1410,"coal"
"GEN_254021_JITPL_400_2",660,1410,"coal"
"GEN_254024_TAL-ST2_400_1",545,1482,"coal"
"GEN_254024_TAL-ST2_400_2",545,1482,"coal"
"GEN_254024_TAL-ST2_400_3",545,1482,"coal"
"GEN_254024_TAL-ST2_400_4",545,1482,"coal"
"GEN_254026_GMR(ODISHA)_400_1",350,2750,"coal"
"GEN_261006_BANDEL1_132_1",85,2170,"coal"
"GEN_261006_BANDEL1_132_2",85,2170,"coal"
"GEN_261006_BANDEL1_132_3",85,2170,"coal"
"GEN_261006_BANDEL1_132_4",85,2170,"coal"
"GEN_261006_BANDEL1_132_5",210,2170,"coal"
"GEN_261027_DPL1_132_1",35,1650,"coal"
"GEN_261027_DPL1_132_2",35,1650,"coal"
"GEN_261027_DPL1_132_3",85,1650,"coal"
"GEN_261027_DPL1_132_4",85,1650,"coal"
"GEN_261027_DPL1_132_5",85,1650,"coal"
"GEN_262000_SANTLDI_220_1",130,2170,"coal"
"GEN_262000_SANTLDI_220_2",130,2170,"coal"
"GEN_262000_SANTLDI_220_3",130,2170,"coal"
"GEN_262000_SANTLDI_220_4",130,2170,"coal"
"GEN_262000_SANTLDI_220_5",250,2170,"coal"
"GEN_262000_SANTLDI_220_6",300,2170,"coal"
"GEN_262002_KTPS220_220_1",210,2454.7,"coal"
"GEN_262002_KTPS220_220_2",210,2454.7,"coal"
"GEN_262002_KTPS220_220_3",210,2454.7,"coal"
"GEN_262010_BKRESWAR2_220_3",210,2163.3,"coal"
"GEN_262010_BKRESWAR2_220_4",210,2163.3,"coal"
"GEN_262010_BKRESWAR2_220_5",210,2163.3,"coal"
"GEN_264000_KTPP4_400_4",210,2454.7,"coal"
"GEN_264000_KTPP4_400_5",210,2454.7,"coal"
"GEN_264000_KTPP4_400_6",210,2454.7,"coal"
"GEN_264003_SAGARDIGHI4_400_1",250,2170,"coal"
"GEN_264003_SAGARDIGHI4_400_2",250,2170,"coal"
"GEN_264004_BAKRESWAR4_400_1",210,2163.3,"coal"
"GEN_264004_BAKRESWAR4_400_2",210,2163.3,"coal"
"GEN_264008_FARAKKA_400_1",210,2831,"coal"
"GEN_264008_FARAKKA_400_2",210,2831,"coal"
"GEN_264008_FARAKKA_400_3",190,2831,"coal"
"GEN_264008_FARAKKA_400_4",465,2831,"coal"
"GEN_264008_FARAKKA_400_5",465,2831,"coal"
"GEN_264008_FARAKKA_400_6",500,2800,"coal"
"GEN_264012_HALDIA_400_1",250,2336.08043478261,"coal"
"GEN_264012_HALDIA_400_2",250,2336.08043478261,"coal"
"GEN_271005_BUGBUG_132_1",263,2410,"coal"
"GEN_271005_BUGBUG_132_2",263,2410,"coal"
"GEN_271008_SRS_132_1",60,2970,"coal"
"GEN_271008_SRS_132_2",60,2970,"coal"
"GEN_271016_TRS1_132_1",60,2910,"coal"
"GEN_271016_TRS1_132_2",60,2910,"coal"
"GEN_271016_TRS1_132_3",60,2910,"coal"
"GEN_271016_TRS1_132_4",60,2910,"coal"
"GEN_272002_BUGBUG2_220_1",263,2410,"coal"
"GEN_311008_DHUV1_132_1",65,2490,"coal"
"GEN_311008_DHUV1_132_2",65,2490,"coal"
"GEN_311008_DHUV1_132_3",65,2490,"coal"
"GEN_311008_DHUV1_132_4",65,2490,"coal"
"GEN_311008_DHUV1_132_5",120,2490,"coal"
"GEN_311008_DHUV1_132_6",120,2490,"coal"
"GEN_311015_SIKKA1_132_1",120,3670,"coal"
"GEN_311015_SIKKA1_132_2",120,3670,"coal"
"GEN_311023_AECOM1_132_C",60,2824.375,"coal"
"GEN_311023_AECOM1_132_D",110,2824.375,"coal"
"GEN_311023_AECOM1_132_E",110,2824.375,"coal"
"GEN_312005_GANDHINAGAR_220_1",120,4900,"coal"
"GEN_312005_GANDHINAGAR_220_2",120,4900,"coal"
"GEN_312005_GANDHINAGAR_220_3",210,3560,"coal"
"GEN_312005_GANDHINAGAR_220_4",210,3560,"coal"
"GEN_312005_GANDHINAGAR_220_5",210,3140,"coal"
"GEN_312018_WANAK2_220_1",210,3230,"coal"
"GEN_312018_WANAK2_220_2",210,3230,"coal"
"GEN_312018_WANAK2_220_3",210,3230,"coal"
"GEN_312027_UKAIT2_220_1",120,2890,"coal"
"GEN_312027_UKAIT2_220_2",120,2890,"coal"
"GEN_312027_UKAIT2_220_3",200,2890,"coal"
"GEN_312027_UKAIT2_220_4",200,2890,"coal"
"GEN_312027_UKAIT2_220_5",210,2890,"coal"
"GEN_312055_MUNDRA2_220_1",330,1670,"coal"
"GEN_312055_MUNDRA2_220_2",330,1670,"coal"
"GEN_312060_AKRIM_220_1",125,910,"coal"
"GEN_312060_AKRIM_220_2",125,910,"coal"
"GEN_314002_WANAKBORI_400_1",210,3230,"coal"
"GEN_314002_WANAKBORI_400_2",210,3230,"coal"
"GEN_314002_WANAKBORI_400_3",210,3230,"coal"
"GEN_314002_WANAKBORI_400_4",210,3230,"coal"
"GEN_314005_UKAI_400_6",500,2480,"coal"
"GEN_314013_MUNDRA_400_3",330,1670,"coal"
"GEN_314013_MUNDRA_400_4",330,1670,"coal"
"GEN_321028_AMK132_132_1",30,1610,"coal"
"GEN_321028_AMK132_132_2",30,1610,"coal"
"GEN_321228_BLA-TPS_132_1",45,2370,"coal"
"GEN_321228_BLA-TPS_132_2",45,2370,"coal"
"GEN_322010_SAT2_220_1",62.5,1830.29411764706,"coal"
"GEN_322010_SAT2_220_2",62.5,1830.29411764706,"coal"
"GEN_322010_SAT2_220_3",62.5,1830.29411764706,"coal"
"GEN_322010_SAT2_220_4",62.5,2614.67139567317,"coal"
"GEN_322010_SAT2_220_5",62.5,1830.29411764706,"coal"
"GEN_322010_SAT2_220_6",200,2614.67139567317,"coal"
"GEN_322010_SAT2_220_7",210,2000,"coal"
"GEN_322013_AMARK2_220_1",120,1610,"coal"
"GEN_322013_AMARK2_220_2",120,1610,"coal"
"GEN_322013_AMARK2_220_3",210,1610,"coal"
"GEN_322014_BIRST2_220_1",210,2500,"coal"
"GEN_322014_BIRST2_220_2",210,2500,"coal"
"GEN_322014_BIRST2_220_3",210,2500,"coal"
"GEN_324003_SATPURA_400_10",250,1780,"coal"
"GEN_324003_SATPURA_400_11",250,1780,"coal"
"GEN_324003_SATPURA_400_8",210,1780,"coal"
"GEN_324003_SATPURA_400_9",210,1780,"coal"
"GEN_324016_BIRSINGPUR_400_5",550,2500,"coal"
"GEN_324025_MALWA_400_1",600,1860,"coal"
"GEN_324025_MALWA_400_2",600,1860,"coal"
"GEN_324029_MB-POWER_400_1",600,1610,"coal"
"GEN_324030_VINDHYACHAL_400_1",220.5,1530,"coal"
"GEN_324030_VINDHYACHAL_400_10",525,1430,"coal"
"GEN_324030_VINDHYACHAL_400_2",220.5,1530,"coal"
"GEN_324030_VINDHYACHAL_400_3",220.5,1530,"coal"
"GEN_324030_VINDHYACHAL_400_4",220.5,1530,"coal"
"GEN_324030_VINDHYACHAL_400_5",220.5,1530,"coal"
"GEN_324030_VINDHYACHAL_400_6",220.5,1530,"coal"
"GEN_324030_VINDHYACHAL_400_7",525,1550,"coal"
"GEN_324030_VINDHYACHAL_400_8",525,1550,"coal"
"GEN_324030_VINDHYACHAL_400_9",525,1430,"coal"
"GEN_324031_VINDH-IV_400_1",500,1470,"coal"
"GEN_324034_MAHAN_400_1",660,1830.29411764706,"coal"
"GEN_324034_MAHAN_400_2",660,1830.29411764706,"coal"
"GEN_324035_JP-BINA_400_1",250,2650,"coal"
"GEN_324035_JP-BINA_400_2",250,2650,"coal"
"GEN_324037_VCHAL-12_400_2",500,1470,"coal"
"GEN_324039_JHABUA_400_1",600,1610,"coal"
"GEN_331013_BHUSA1_132_2",210,3060,"coal"
"GEN_331013_BHUSA1_132_3",210,3060,"coal"
"GEN_332024_PARLI2_220_3",210,2970,"coal"
"GEN_332024_PARLI2_220_4",210,2970,"coal"
"GEN_332024_PARLI2_220_5",210,2970,"coal"
"GEN_332024_PARLI2_220_6",250,2720,"coal"
"GEN_332024_PARLI2_220_7",250,2720,"coal"
"GEN_332027_CHAND2_220_1",210,2630,"coal"
"GEN_332029_WARDH2_220_1",40,2916.23076923077,"coal"
"GEN_332029_WARDH2_220_2",40,2916.23076923077,"coal"
"GEN_332031_KORAD2_220_5",200,3500,"coal"
"GEN_332040_NASIK2_220_1",140,2614.67139567317,"coal"
"GEN_332040_NASIK2_220_2",140,3890,"coal"
"GEN_332040_NASIK2_220_3",210,3890,"coal"
"GEN_332040_NASIK2_220_4",210,3890,"coal"
"GEN_332040_NASIK2_220_5",210,3890,"coal"
"GEN_332041_TROMB2_220_4",150,2660,"coal"
"GEN_332041_TROMB2_220_5",500,2660,"coal"
"GEN_332041_TROMB2_220_6",500,6880,"coal"
"GEN_332041_TROMB2_220_7",180,5410,"coal"
"GEN_332041_TROMB2_220_8",250,2590,"coal"
"GEN_332042_KKHED2_220_1",210,2950,"coal"
"GEN_332042_KKHED2_220_2",210,2950,"coal"
"GEN_332042_KKHED2_220_3",210,2950,"coal"
"GEN_332042_KKHED2_220_4",210,2950,"coal"
"GEN_332082_DAHAN2_220_1",250,2910,"coal"
"GEN_332082_DAHAN2_220_2",250,2910,"coal"
"GEN_332105_PARAS_220_3",250,2340,"coal"
"GEN_332105_PARAS_220_4",250,2340,"coal"
"GEN_332165_PAWAS_220_1",22,2916.23076923077,"coal"
"GEN_332179_INDORAM_220_1",22,2916.23076923077,"coal"
"GEN_332182_CHND-MDC_220_1",63,2916.23076923077,"coal"
"GEN_332183_MATRDEV_220_1",27,2916.23076923077,"coal"
"GEN_332185_FINOLEX_220_1",22,2916.23076923077,"coal"
"GEN_332190_KSK-WRDH_220_1",135,2916.23076923077,"coal"
"GEN_332190_KSK-WRDH_220_2",135,2916.23076923077,"coal"
"GEN_332190_KSK-WRDH_220_3",135,2916.23076923077,"coal"
"GEN_332190_KSK-WRDH_220_4",135,2916.23076923077,"coal"
"GEN_332198_VIDARBHA_220_1",300,2860,"coal"
"GEN_332198_VIDARBHA_220_2",300,2860,"coal"
"GEN_332199_ABHI-NG_220_1",68.5,2916.23076923077,"coal"
"GEN_332199_ABHI-NG_220_2",68.5,2916.23076923077,"coal"
"GEN_332199_ABHI-NG_220_3",68.5,2916.23076923077,"coal"
"GEN_332199_ABHI-NG_220_4",68.5,2916.23076923077,"coal"
"GEN_334007_CHANDRAPUR_400_2",210,2630,"coal"
"GEN_334007_CHANDRAPUR_400_3",210,2630,"coal"
"GEN_334007_CHANDRAPUR_400_4",210,2630,"coal"
"GEN_334007_CHANDRAPUR_400_5",500,2630,"coal"
"GEN_334007_CHANDRAPUR_400_6",500,2630,"coal"
"GEN_334007_CHANDRAPUR_400_7",500,2630,"coal"
"GEN_334010_KORADI_400_1",210,3500,"coal"
"GEN_334010_KORADI_400_2",210,3500,"coal"
"GEN_334010_KORADI_400_3",210,3500,"coal"
"GEN_334023_JAIGAD_400_1",300,1740,"coal"
"GEN_334023_JAIGAD_400_2",300,1740,"coal"
"GEN_334023_JAIGAD_400_3",300,1740,"coal"
"GEN_334023_JAIGAD_400_4",300,1740,"coal"
"GEN_334026_K-KHD-N_400_5",500,2560,"coal"
"GEN_334029_BHUSWL-N_400_4",500,2540,"coal"
"GEN_334029_BHUSWL-N_400_5",500,2540,"coal"
"GEN_334032_NANDGAONPETH_400_1",270,2810,"coal"
"GEN_334032_NANDGAONPETH_400_2",270,2810,"coal"
"GEN_334032_NANDGAONPETH_400_3",270,2810,"coal"
"GEN_334035_NASIK-SI_400_1",270,3890,"coal"
"GEN_334036_DHARIWAL_400_1",300,2916.23076923077,"coal"
"GEN_334039_DHARIWAL_400_2",300,2916.23076923077,"coal"
"GEN_334045_MAUDA_400_1",550,2590,"coal"
"GEN_334045_MAUDA_400_2",550,2590,"coal"
"GEN_334046_EMCO_400_1",315,1442,"coal"
"GEN_334046_EMCO_400_2",315,1442,"coal"
"GEN_334047_IEPL_400_1",315,2916.23076923077,"coal"
"GEN_334047_IEPL_400_2",315,2916.23076923077,"coal"
"GEN_351012_RAIGARH_132_1",24,1758.27586206897,"coal"
"GEN_351012_RAIGARH_132_2",15,1758.27586206897,"coal"
"GEN_351035_ARASMETA_132_1",50,1758.27586206897,"coal"
"GEN_351041_MONNET_R_132_1",90,1758.27586206897,"coal"
"GEN_351084_SKS_132_1",85,1758.27586206897,"coal"
"GEN_351095_ARYAN-CL_132_1",30,590,"coal"
"GEN_351113_MONNET-M_132_1",52,1758.27586206897,"coal"
"GEN_351119_SPECTRUM-CL_132_1",52.5,1758.27586206897,"coal"
"GEN_351119_SPECTRUM-CL_132_2",52.5,1758.27586206897,"coal"
"GEN_352004_KORBW2_220_1",210,1790,"coal"
"GEN_352004_KORBW2_220_2",210,1790,"coal"
"GEN_352005_KORBE2_220_1",50,2500,"coal"
"GEN_352005_KORBE2_220_2",50,2500,"coal"
"GEN_352005_KORBE2_220_3",50,2500,"coal"
"GEN_352005_KORBE2_220_4",50,2500,"coal"
"GEN_352005_KORBE2_220_5",120,2500,"coal"
"GEN_352005_KORBE2_220_6",120,2500,"coal"
"GEN_352011_KORBAEXT_220_1",250,2940,"coal"
"GEN_352011_KORBAEXT_220_2",250,2940,"coal"
"GEN_352026_BALCO_220_1",300,1758.27586206897,"coal"
"GEN_352031_JINB2-2_220_4",275,1758.27586206897,"coal"
"GEN_352032_BALCO2_220_1",70.87,1758.27586206897,"coal"
"GEN_352032_BALCO2_220_2",70.87,1758.27586206897,"coal"
"GEN_352032_BALCO2_220_3",315,1758.27586206897,"coal"
"GEN_352032_BALCO2_220_4",315,1758.27586206897,"coal"
"GEN_352033_DCPP_JS_220_1",141.5,1758.27586206897,"coal"
"GEN_352033_DCPP_JS_220_2",141.5,1758.27586206897,"coal"
"GEN_352035_JSPCL2_220_1",374,1758.27586206897,"coal"
"GEN_352037_DCPP_JS_220_1",141.5,1758.27586206897,"coal"
"GEN_352037_DCPP_JS_220_2",141.5,1758.27586206897,"coal"
"GEN_354002_KORBA-WEST_400_3",210,1790,"coal"
"GEN_354002_KORBA-WEST_400_4",210,1790,"coal"
"GEN_354002_KORBA-WEST_400_5",500,1790,"coal"
"GEN_354009_MARWA_400_1",500,3140,"coal"
"GEN_354009_MARWA_400_2",500,3140,"coal"
"GEN_354013_GMR_400_1",685,1758.27586206897,"coal"
"GEN_354013_GMR_400_2",685,1758.27586206897,"coal"
"GEN_354017_KORBA-NTPC_400_1",227.41,1100,"coal"
"GEN_354017_KORBA-NTPC_400_2",227.41,1100,"coal"
"GEN_354017_KORBA-NTPC_400_3",227.41,1100,"coal"
"GEN_354017_KORBA-NTPC_400_4",545,1100,"coal"
"GEN_354017_KORBA-NTPC_400_5",545,1100,"coal"
"GEN_354017_KORBA-NTPC_400_6",545,1100,"coal"
"GEN_354017_KORBA-NTPC_400_7",545,1080,"coal"
"GEN_354018_KSK-MAHNADI_400_1",687,1758.27586206897,"coal"
"GEN_354018_KSK-MAHNADI_400_2",687,1758.27586206897,"coal"
"GEN_354022_PATH4_400_1",315,1610,"coal"
"GEN_354022_PATH4_400_2",315,1610,"coal"
"GEN_354023_NSPCL4_400_1",262.5,1758.27586206897,"coal"
"GEN_354023_NSPCL4_400_2",262.5,1758.27586206897,"coal"
"GEN_354025_JIN4-B1_400_1",275,1758.27586206897,"coal"
"GEN_354025_JIN4-B1_400_2",275,1758.27586206897,"coal"
"GEN_354025_JIN4-B1_400_3",275,1758.27586206897,"coal"
"GEN_354028_ARYN_CBL_400_1",141.5,590,"coal"
"GEN_354028_ARYN_CBL_400_2",141.5,590,"coal"
"GEN_354029_BALCO_400_1",315,1758.27586206897,"coal"
"GEN_354029_BALCO_400_2",315,1758.27586206897,"coal"
"GEN_354030_VANDANA_400_1",148.5,1758.27586206897,"coal"
"GEN_354030_VANDANA_400_2",148.5,1758.27586206897,"coal"
"GEN_354031_DB-POWER_400_1",630,1758.27586206897,"coal"
"GEN_354032_JPL_EXTN_400_1",630,1758.27586206897,"coal"
"GEN_354032_JPL_EXTN_400_2",630,1758.27586206897,"coal"
"GEN_354032_JPL_EXTN_400_3",630,1758.27586206897,"coal"
"GEN_354032_JPL_EXTN_400_4",630,1758.27586206897,"coal"
"GEN_354033_MARUTI_400_1",330,1758.27586206897,"coal"
"GEN_354038_RKM_400_1",327,1758.27586206897,"coal"
"GEN_354038_RKM_400_4",327,1758.27586206897,"coal"
"GEN_354044_SKS_400_1",300,1758.27586206897,"coal"
"GEN_354044_SKS_400_2",300,1758.27586206897,"coal"
"GEN_354044_SKS_400_3",300,1758.27586206897,"coal"
"GEN_354044_SKS_400_4",300,1758.27586206897,"coal"
"GEN_357002_SIPAT_765_4",545,1090,"coal"
"GEN_357002_SIPAT_765_5",545,1120,"coal"
"GEN_411223_NVBRTH_132_1",18,2605.32882295958,"coal"
"GEN_412025_VTPS_220_1",210,2559.99935571162,"coal"
"GEN_412025_VTPS_220_2",210,2559.99935571162,"coal"
"GEN_412025_VTPS_220_3",210,2559.99935571162,"coal"
"GEN_412025_VTPS_220_4",210,2559.99935571162,"coal"
"GEN_412025_VTPS_220_5",210,2559.99935571162,"coal"
"GEN_412025_VTPS_220_6",210,2559.99935571162,"coal"
"GEN_412034_MUDDANUR_220_1",210,3330.05893909627,"coal"
"GEN_412034_MUDDANUR_220_2",210,3330.05893909627,"coal"
"GEN_412034_MUDDANUR_220_3",210,3330.03027800716,"coal"
"GEN_412034_MUDDANUR_220_4",210,3330.03027800716,"coal"
"GEN_412034_MUDDANUR_220_5",210,3330.05366726297,"coal"
"GEN_412088_ANRAKU_220_1",150,2605.32882295958,"coal"
"GEN_412091_SRDAL-NEW_220_1",80,2605.32882295958,"coal"
"GEN_412094_SBQ_220_1",90,2605.32882295958,"coal"
"GEN_412095_STEEL_XCHNG_220_1",60,2605.32882295958,"coal"
"GEN_412097_SRIGIRIJA_220_1",108,5450,"coal"
"GEN_412098_SILK-RD-SRS_220_1",30,2605.32882295958,"coal"
"GEN_412099_JP-CEMENTS_220_1",28.8,5450,"coal"
"GEN_414012_SIMHADRI_400_1",500,2600.82304526749,"coal"
"GEN_414012_SIMHADRI_400_2",500,2600.82304526749,"coal"
"GEN_414013_VTS-IV_400_1",500,2789.98225946476,"coal"
"GEN_414020_SMHDRI-2_400_3",500,2591.10169491525,"coal"
"GEN_414020_SMHDRI-2_400_4",500,2591.10169491525,"coal"
"GEN_414022_SMHPURI_400_1",150,2605.32882295958,"coal"
"GEN_414022_SMHPURI_400_2",150,2605.32882295958,"coal"
"GEN_414022_SMHPURI_400_3",150,2605.32882295958,"coal"
"GEN_414022_SMHPURI_400_4",150,2605.32882295958,"coal"
"GEN_414026_MNAKSHI_400_1",150,2605.32882295958,"coal"
"GEN_414026_MNAKSHI_400_2",150,2605.32882295958,"coal"
"GEN_414027_HINDUJA_400_1",500,1860.28460543338,"coal"
"GEN_421031_KOTAGDEM_132_1",60,2029.6886314265,"coal"
"GEN_421040_NAVBAATH_132_1",72,2605.32882295958,"coal"
"GEN_421055_RAMGUM-B_132_1",62.5,2369.76423883983,"coal"
"GEN_421178_SEEAPRAM_132_1",43,2605.32882295958,"coal"
"GEN_421184_MADHUCON_132_1",25,2605.32882295958,"coal"
"GEN_421196_KKTYACEM_132_1",20,2605.32882295958,"coal"
"GEN_421199_MYHOMEPOWE_132_1",60,2605.32882295958,"coal"
"GEN_421201_PENNAPOWER_132_1",77,2040,"coal"
"GEN_421203_KRSHNV-CEM_132_1",29,2605.32882295958,"coal"
"GEN_422004_HWP_220_1",90,2605.32882295958,"coal"
"GEN_422005_KOTAGDEM_220_10",250,1579,"coal"
"GEN_422005_KOTAGDEM_220_2",60,2029.6886314265,"coal"
"GEN_422005_KOTAGDEM_220_3",60,2029.6886314265,"coal"
"GEN_422005_KOTAGDEM_220_4",60,2029.6886314265,"coal"
"GEN_422005_KOTAGDEM_220_5",120,2029.6886314265,"coal"
"GEN_422005_KOTAGDEM_220_6",120,2029.6886314265,"coal"
"GEN_422005_KOTAGDEM_220_7",120,2029.6886314265,"coal"
"GEN_422005_KOTAGDEM_220_8",120,2029.6886314265,"coal"
"GEN_422005_KOTAGDEM_220_9",250,1579,"coal"
"GEN_422059_NBEIL_220_1",150,2605.32882295958,"coal"
"GEN_422062_ORIENTCEM_220_1",50,2605.32882295958,"coal"
"GEN_424002_RGM-NTPC_400_1",200,2510.52274270197,"coal"
"GEN_424002_RGM-NTPC_400_2",200,2510.52274270197,"coal"
"GEN_424002_RGM-NTPC_400_3",200,2510.52274270197,"coal"
"GEN_424002_RGM-NTPC_400_4",500,2510.52274270197,"coal"
"GEN_424002_RGM-NTPC_400_5",500,2510.52274270197,"coal"
"GEN_424002_RGM-NTPC_400_6",500,2510.52274270197,"coal"
"GEN_424002_RGM-NTPC_400_7",500,2580.1294651047,"coal"
"GEN_424009_KKTYATPS_400_1",500,2130.14020890185,"coal"
"GEN_424012_KTPS_400_1",500,2690.12891690976,"coal"
"GEN_431213_KOGANTI_110_1",7.5,3890.77535265717,"coal"
"GEN_431312_RAJA-CEM_110_1",58.5,3890.77535265717,"coal"
"GEN_431349_SHTHVANA_110_1",21,3890.77535265717,"coal"
"GEN_431367_SOLARIS_110_1",18,3890.77535265717,"coal"
"GEN_431373_STRMETLC_110_1",5,3890.77535265717,"coal"
"GEN_431376_SURANIND_110_1",32,3890.77535265717,"coal"
"GEN_431403_VASCEM_110_1",61.2,3890.77535265717,"coal"
"GEN_432017_BMMISPAT_220_1",22.5,5450,"coal"
"GEN_432042_JINDAL2_220_1",130,5770,"coal"
"GEN_432042_JINDAL2_220_2",130,5770,"coal"
"GEN_432071_RTPS_220_1",210,2970.96468357431,"coal"
"GEN_432071_RTPS_220_2",210,2970.96468357431,"coal"
"GEN_432071_RTPS_220_3",210,2970.96468357431,"coal"
"GEN_434006_RCHR-TPS_400_4",210,2970.96468357431,"coal"
"GEN_434006_RCHR-TPS_400_5",210,2970.96468357431,"coal"
"GEN_434006_RCHR-TPS_400_6",210,2970.96468357431,"coal"
"GEN_434006_RCHR-TPS_400_7",210,2970.96468357431,"coal"
"GEN_434006_RCHR-TPS_400_8",250,2761.90476190476,"coal"
"GEN_434011_BTPS_400_1",500,2894.14414414414,"coal"
"GEN_434011_BTPS_400_2",500,2611.09522447812,"coal"
"GEN_434014_JINDAL_400_1",300,5770,"coal"
"GEN_434014_JINDAL_400_2",300,5770,"coal"
"GEN_434014_JINDAL_400_3",300,5770,"coal"
"GEN_434014_JINDAL_400_4",300,5770,"coal"
"GEN_434021_UPCL_400_1",600,2395.41739246952,"coal"
"GEN_434021_UPCL_400_2",600,2395.41739246952,"coal"
"GEN_441025_MALCO1_110_1",120,5050,"coal"
"GEN_441068_CHETCE1_110_1",30,5050,"coal"
"GEN_441069_CHETNADG_110_1",15,5050,"coal"
"GEN_441077_EMPESUG1_110_1",50,5050,"coal"
"GEN_441078_HITECH1_110_1",10,5050,"coal"
"GEN_441080_INDCEME1_110_1",5,5050,"coal"
"GEN_441097_NLCTS11_110_1",50,2060,"coal"
"GEN_441097_NLCTS11_110_2",50,2060,"coal"
"GEN_441097_NLCTS11_110_3",50,2060,"coal"
"GEN_441097_NLCTS11_110_4",50,2060,"coal"
"GEN_441097_NLCTS11_110_5",50,2060,"coal"
"GEN_441097_NLCTS11_110_6",50,2060,"coal"
"GEN_441098_OPG1_110_1",17.5,5050,"coal"
"GEN_441107_SAKTHI11_110_1",50,5050,"coal"
"GEN_441108_SAKTHI21_110_1",30,5050,"coal"
"GEN_441118_TCPL1_110_1",63.5,5050,"coal"
"GEN_441119_TNPL1_110_1",4,5050,"coal"
"GEN_441126_JSWL_110_1",60,5050,"coal"
"GEN_441134_DALMIA_110_1",20,5050,"coal"
"GEN_441164_ETPS1_110_1",60,7880,"coal"
"GEN_441164_ETPS1_110_2",60,7880,"coal"
"GEN_441222_TULYSAN1_110_1",35,5050,"coal"
"GEN_442021_ETPS2_230_1",110,3340,"coal"
"GEN_442021_ETPS2_230_2",110,3340,"coal"
"GEN_442021_ETPS2_230_3",110,3340,"coal"
"GEN_442030_INDARCPP_230_1",63,5050,"coal"
"GEN_442030_INDARCPP_230_2",63,5050,"coal"
"GEN_442030_INDARCPP_230_3",63,5050,"coal"
"GEN_442047_MTPS2_230_1",210,3120,"coal"
"GEN_442047_MTPS2_230_2",210,3120,"coal"
"GEN_442047_MTPS2_230_3",210,3120,"coal"
"GEN_442047_MTPS2_230_4",210,3120,"coal"
"GEN_442051_STCMS_230_1",250,2320,"coal"
"GEN_442052_NLCTS12_230_7",100,2060,"coal"
"GEN_442052_NLCTS12_230_8",100,2060,"coal"
"GEN_442052_NLCTS12_230_9",100,2060,"coal"
"GEN_442053_NLC22_230_1",210,2225.60975609756,"coal"
"GEN_442053_NLC22_230_2",210,2225.60975609756,"coal"
"GEN_442053_NLC22_230_3",210,2225.60975609756,"coal"
"GEN_442054_NCTPS-I_230_1",210,2670,"coal"
"GEN_442054_NCTPS-I_230_2",210,2670,"coal"
"GEN_442054_NCTPS-I_230_3",210,2670,"coal"
"GEN_442087_TTPS2_230_1",210,1580,"coal"
"GEN_442087_TTPS2_230_2",210,1580,"coal"
"GEN_442087_TTPS2_230_3",210,1580,"coal"
"GEN_442087_TTPS2_230_4",210,1580,"coal"
"GEN_442087_TTPS2_230_5",210,1580,"coal"
"GEN_442109_SDEV_230_1",40,5050,"coal"
"GEN_442109_SDEV_230_2",80,5050,"coal"
"GEN_442110_OPG_ALM_230_1",160,5050,"coal"
"GEN_442120_KAMACHI_230_1",70,5050,"coal"
"GEN_442121_KAVERI_230_1",63,5050,"coal"
"GEN_442122_ARS_230_1",60,5050,"coal"
"GEN_442124_STERLITE2_230_1",80,5050,"coal"
"GEN_442124_STERLITE2_230_2",80,5050,"coal"
"GEN_442125_IBPTL2_230_1",150,5050,"coal"
"GEN_442125_IBPTL2_230_2",150,5050,"coal"
"GEN_444013_NLC1EXP_400_1",210,2114.99272197962,"coal"
"GEN_444013_NLC1EXP_400_2",210,2114.99272197962,"coal"
"GEN_444014_NLC2_400_4",210,2224.97308934338,"coal"
"GEN_444014_NLC2_400_5",210,2224.97308934338,"coal"
"GEN_444014_NLC2_400_6",210,2224.97308934338,"coal"
"GEN_444014_NLC2_400_7",210,2224.97308934338,"coal"
"GEN_444016_NLC2EXP_400_1",250,2230,"coal"
"GEN_444016_NLC2EXP_400_2",250,2230,"coal"
"GEN_444019_VALLUR_400_1",500,2209.94152046784,"coal"
"GEN_444019_VALLUR_400_2",500,2209.94152046784,"coal"
"GEN_444019_VALLUR_400_3",500,2209.94152046784,"coal"
"GEN_444020_METR-III_400_1",600,3370,"coal"
"GEN_444022_NCTPS-II_400_1",600,2730,"coal"
"GEN_444022_NCTPS-II_400_2",600,2730,"coal"
"GEN_444023_CENERGY_400_1",600,3549.5,"coal"
"GEN_444032_ILFS_400_1",600,3043.2,"coal"
"GEN_444032_ILFS_400_2",600,3043.2,"coal"
"GEN_524002_BTPS-NT4_400_1",363,3000,"coal"
"GEN_524002_BTPS-NT4_400_2",363,3000,"coal"
"GEN_541024_MPL_132_1",45.35,2614.67139567317,"coal"
"GEN_541024_MPL_132_2",8,2614.67139567317,"coal"
"GEN_541027_ADHUNIK1_132_1",25,3000,"coal"
"GEN_561008_KHIPRE1_132_1",8,2614.67139567317,"coal"
"GEN_561008_KHIPRE1_132_2",8,2614.67139567317,"coal"
"GEN_561008_KHIPRE1_132_3",8,2614.67139567317,"coal"
"GEN_571010_TLIMURA1_132_1",4,2614.67139567317,"coal"
"GEN_571010_TLIMURA1_132_2",4,2614.67139567317,"coal"
"GEN_571010_TLIMURA1_132_3",4,2614.67139567317,"coal"
"GEN_312037_PANAN2_220_1",70,1470,"coal"
"GEN_312037_PANAN2_220_2",70,1470,"coal"
"GEN_312037_PANAN2_220_3",75,1470,"coal"
"GEN_312037_PANAN2_220_4",75,1350,"coal"
"GEN_312084_MANGROL_220_1",125,1400,"coal"
"GEN_312084_MANGROL_220_2",125,1400,"coal"
"GEN_312084_MANGROL_220_3",125,1400,"coal"
"GEN_312084_MANGROL_220_4",125,1400,"coal"
"GEN_521041_PALAPOL1_132_2",5.3,5055.00894133382,"other"
"GEN_551008_BAIRABI1_132_1",2,5055.00894133382,"other"
"GEN_114000_TALWANDISABO_400_1",660,2220,"coal"
"GEN_114000_TALWANDISABO_400_2",660,2220,"coal"
"GEN_114000_TALWANDISABO_400_3",660,2220,"coal"
"GEN_114005_RAJPURA_TH_400_1",700,2600,"coal"
"GEN_114005_RAJPURA_TH_400_2",700,2600,"coal"
"GEN_124004_JHAJAR_N_400_1",660,3050,"coal"
"GEN_124004_JHAJAR_N_400_2",660,3050,"coal"
"GEN_134010_KAWAI_400_1",660,2220,"coal"
"GEN_134010_KAWAI_400_2",660,2220,"coal"
"GEN_157009_LALITPUR-TPS_765_1",660,1980,"coal"
"GEN_157009_LALITPUR-TPS_765_2",660,1980,"coal"
"GEN_157009_LALITPUR-TPS_765_3",660,1980,"coal"
"GEN_214008_BARH_400_1",600,4156,"coal"
"GEN_314013_MUNDRA_400_5",660,1380,"coal"
"GEN_314013_MUNDRA_400_6",660,1380,"coal"
"GEN_314013_MUNDRA_400_7",660,1500,"coal"
"GEN_314013_MUNDRA_400_8",660,1500,"coal"
"GEN_314013_MUNDRA_400_9",660,1500,"coal"
"GEN_314023_VADINAR_400_1",660,1770,"coal"
"GEN_314023_VADINAR_400_2",660,1770,"coal"
"GEN_314035_CGPL_400_1",830,1440,"coal"
"GEN_314035_CGPL_400_2",830,1440,"coal"
"GEN_314035_CGPL_400_3",830,1440,"coal"
"GEN_314035_CGPL_400_4",830,1440,"coal"
"GEN_314035_CGPL_400_5",830,1440,"coal"
"GEN_324028_NIGRI_400_1",693,1170,"coal"
"GEN_324028_NIGRI_400_2",693,1170,"coal"
"GEN_327008_SASAN_765_1",660,1149,"coal"
"GEN_327008_SASAN_765_2",660,1149,"coal"
"GEN_327008_SASAN_765_3",660,1149,"coal"
"GEN_327008_SASAN_765_4",660,1149,"coal"
"GEN_327008_SASAN_765_5",660,1149,"coal"
"GEN_327008_SASAN_765_6",693,1149,"coal"
"GEN_334030_TIRODA_400_1",660,2640,"coal"
"GEN_334030_TIRODA_400_2",660,2640,"coal"
"GEN_334030_TIRODA_400_3",660,2640,"coal"
"GEN_334059_SHLPR-NTPC_400_1",660,2256,"coal"
"GEN_334059_SHLPR-NTPC_400_2",660,2256,"coal"
"GEN_337001_TIRORA_765_1",660,1680,"coal"
"GEN_337001_TIRORA_765_2",660,1680,"coal"
"GEN_354010_KWPCL_400_1",660,1090,"coal"
"GEN_354010_KWPCL_400_2",660,1090,"coal"
"GEN_354038_RKM_400_2",327,1090,"coal"
"GEN_354038_RKM_400_3",327,1090,"coal"
"GEN_357002_SIPAT_765_1",687,1090,"coal"
"GEN_357002_SIPAT_765_2",687,1090,"coal"
"GEN_357002_SIPAT_765_3",687,1090,"coal"
"GEN_414030_SDSTPS_400_1",800,2350.50798258345,"coal"
"GEN_414034_THPTECH_400_1",600,2350.50798258345,"coal"
"GEN_332039_CHALI2_220_1",40,3770,"other"
"GEN_521058_LTPS1_132_8",37.5,3770,"other"
"HYDRO-STORAGE",23673.45,0,"hydro"
"HYDRO-ROR",14436.07,0,"mustrun"
"NUCLEAR",6860,2570.90909090909,"mustrun"
"HYDRO-PONDAGE",4707,0,"mustrun"
